BOLO AIPIM KG,,,,,kg,,Sacolao DP Sao Jose LTDA,,,,,,,,
BOLO CHOC. KG,,,,,kg,,Sacolao DP Sao Jose LTDA,,,,,,,,
PANETONE GOTAS CHOC,,,,,un,,CARREFOUR COMERCIO E INDUSTRIA LTDA,,,,,,,,
FARINHA DE MILHO 1KG PANDOLFO,,,,,un,,COMERCIO DE ALIMENTOS ROHENKOHL LTDA,,,,,,,,
P SEV BOYS SEMI INTE,,,,,un,,SUPERMERCADO BELTRAME LTDA,,,,,,,,
NUTRELINHAS 300G,,,,,un,,SUPERMERCADO BELTRAME LTDA,,,,,-> NOME NAO INDICA O QUE Ã‰,,,
PAO HAMBURGUER GERGI,,,,,un,,COMERCIO DE ALIMENTOS ROHENKOHL LTDA,,,,,,,,
PAO MANTEIGA SEVEN B,,,,,un,,CARREFOUR COMERCIO E INDUSTRIA LTDA,,,,,,,,
PAO CASEIRO NICOLE 250G,,,,,un,,Sgorla Com. Ind. Alimentos Ltd,,,,,,,,
PAO PULLMAN INTEG,,,,,un,,Supermercado JGZ LTDA,,,,,,,,
PAO INTEGRAL SAN,,,,,un,,Supermercado JGZ LTD,,,,,,,,
PAO FRANCES MULTI,,,,,kg,,Supermercado JGZ LTDA,,,,,,,,
PAO DE MILHO MULT,,,,,kg,,Supermercado JGZ LTDA,,,,,,,,
PAO MILHO SEVEN BOYS,,,,,un,,CARREFOUR COMERCIO E INDUSTRIA LTDA,,,,,,,,
PAO MILHO EMERY 5,,,,,un,,TIMY INDUSTRIA E COMERCIO DE ALIMENTOS EIRELI,,,,,,,,
PAO DE ALHO SANTA MASSA LEV PICANTE 400,,,,,un,,SUPERMERCADO FORLIN EIRELI,,,,,,,,
PAO DE ALHO SANTA MASSA TRADICIONAL400 G,,,,,un,,SUPERMERCADO FORLIN EIRELI,,,,,,,,
PAO Q MARI LAN 300G,,,,,un,,CARREFOUR COMERCIO E INDUSTRIA LTDA,,,,,,,,
PAO INTEGRAL,,,,,kg,,COMERCIO DE ALIMENTOS ROHENKOHL LTDA,,,,,,,,
PAO INTEGRAL E SOVADO,,,,,kg,,SUPER KOSCHECK,,,,,,,,
PAO MULTIGRAOS,,,,,kg,,COMERCIO DE ALIMENTOS ROHENKOHL LTDA,,,,,,,,
PAO SAND AMALFI INT S/LAC 450G,,,,,un,,COMPANHIA ZAFFARI COMERCIO E INDUSTRIA,,,,,,,,
PAO MINI CASEIRIN,,,,,kg,,Sacolao DP Sao Jose LTDA,,,,,,,,
PAO DINDA FIBRAS KG,,,,,kg,,CARREFOUR COMERCIO E INDUSTRIA LTDA,,,,,,,,
PAO DINDA FRANCES KG,,,,,kg,,CARREFOUR COMERCIO E INDUSTRIA LTDA,,,,,,,,
PAO FAT GRAOS S/GL JASMINE 350G,,,,,un,,COMPANHIA ZAFFARI COMERCIO E INDUSTRIA,,,,,,,,
PAO GIRAS/CAST WICKBOLD INT 400G,,,,,un,,COMPANHIA ZAFFARI COMERCIO E INDUSTRIA,,,,,,,,
PAO FREEK/NOZ WICKBOLD INT 400G,,,,,un,,COMPANHIA ZAFFARI COMERCIO E INDUSTRIA,,,,,,,,
PAO LEV SEMI INTEG S,,,,,un,,CARREFOUR COMERCIO E INDUSTRIA LTDA,,,,,,,,
PAO HOT DOG 300G,,,,,un,,CARREFOUR COMERCIO E INDUSTRIA LTDA,,,,,,,,
PAO HOT DOG FAMILIAR,,,,,un,,CARREFOUR COMERCIO E INDUSTRIA LTDA,,,,,,,,
PAO ITALIANO 500G,,,,,un,,CARREFOUR COMERCIO E INDUSTRIA LTDA,,,,,,,,
PAO FORMA SEVEN BOYS,,,,,un,,CARREFOUR COMERCIO E INDUSTRIA LTDA,,,,,,,,
PAO 7GRAOS S.BOYS BEN LIGHT400G,,,,,un,,COMPANHIA ZAFFARI COMERCIO E INDUSTRIA,,,,,,,,
PAO 7GRAOS S.BOYS BENEF 400G,,,,,un,,COMPANHIA ZAFFARI COMERCIO E INDUSTRIA,,,,,,,,
PAO 7GR S.BOYS BENEF 400G,,,,,un,,COMPANHIA ZAFFARI COMERCIO E INDUSTRIA,,,,,,,,
PAO 7GR S.BOYS BENEF LIGHT 400G,,,,,un,,COMPANHIA ZAFFARI COMERCIO E INDUSTRIA,,,,,,,,
PAO TRIGO INTEG 350g,,,,,un,,UNIDASUL DISTRIBUIDORA ALIMENTICIA S/A,,,,,,,,
PAO AUSTRALIANO K,,,,,kg,,Supermercados SBS LTDA.,,,,,,,,
PAO PRETO AMALFI FITPAN 350G,,,,,un,,COMPANHIA ZAFFARI COMERCIO E INDUSTRIA,,,,,,,,
PAO PANFACIL FRAN,,,,,kg,,TIMY INDUSTRIA E COMERCIO DE ALIMENTOS EIRELI,,,,,,,,
BAGUETE FRANCESA 250,,,,,kg,,CARREFOUR COMERCIO E INDUSTRIA LTDA,,,,,,,,
TORRADA BAUDUCCO MUL,,,,,un,,CARREFOUR COMERCIO E INDUSTRIA LTDA,,,,,,,,
TORRADA INTEGRAL BAU,,,,,un,,CARREFOUR COMERCIO E INDUSTRIA LTDA,,,,,,,,
TORR BAUDUCCO TOAST,,,,,un,,CARREFOUR COMERCIO E INDUSTRIA LTDA,,,,,,,,
TORRADA INTEGRAL ISA,,,,,un,,CARREFOUR COMERCIO E INDUSTRIA LTDA,,,,,,,,
TORRADAS DE ARROZ,,,,,un,,TIMY INDUSTRIA E COMERCIO DE ALIMENTOS EIRELI,,,,,,,,
TORRADA WICKBOLD 100%INT 140G,,,,,un,,COMPANHIA ZAFFARI COMERCIO E INDUSTRIA,,,,,,,,
SEQUILHO FUBA .ZAF,,,,,kg,,COMPANHIA ZAFFARI COMERCIO E INDUSTRIA,,,,,,,,
BOLACHA ARROZ ORG MA,,,,,un,,CARREFOUR COMERCIO E INDUSTRIA LTDA,,,,,,,,
BISC MAISENA MABEL,,,,,un,,CARREFOUR COMERCIO E INDUSTRIA LTDA,,,,,,,,
BISCOITO PASSATEM,,,,,un,,Supermercado JGZ LTDA,,,,,,,,
BISCOITO ANA RECH,,,,,un,,Supermercado JGZ LTDA,,,,,,,,
BISC PLIC-PLAC POLVILHO 100G,,,,,un,,COMPANHIA ZAFFARI COMERCIO E INDUSTRIA,,,,,,,,
BISC NESFIT INTEGRAL 170G,,,,,un,,COMPANHIA ZAFFARI COMERCIO E INDUSTRIA,,,,,,,,
BISC NESFIT MULTCEREAIS INT 126G,,,,,un,,COMPANHIA ZAFFARI COMERCIO E INDUSTRIA,,,,,,,,
BISC NESFIT CACAU&CER INT 160G ,,,,,un,,COMPANHIA ZAFFARI COMERCIO E INDUSTRIA,,,,,,,,
BISC BELVITA MEL&CACAU INT 75G,,,,,un,,COMPANHIA ZAFFARI COMERCIO E INDUSTRIA,,,,,,,,
BISC BELVITA CACAU&CER INT 75G,,,,,un,,COMPANHIA ZAFFARI COMERCIO E INDUSTRIA,,,,,,,,
BISC POLVILHO SALG A,,,,,un,,CARREFOUR COMERCIO E INDUSTRIA LTDA,,,,,,,,
BISC POLVILHO CARREF,,,,,un,,CARREFOUR COMERCIO E INDUSTRIA LTDA,,,,,,,,
BISC FOLHADO CARREFO,,,,,un,,CARREFOUR COMERCIO E INDUSTRIA LTDA,,,,,,,,
BISC BAUDUCCO BANA C,,,,,un,,CARREFOUR COMERCIO E INDUSTRIA LTDA,,,,,,,,
BISC RECH OREO ORIG,,,,,un,,CARREFOUR COMERCIO E INDUSTRIA LTDA,,,,,,,,
BISC COB CHOC BAUDUC,,,,,un,,CARREFOUR COMERCIO E INDUSTRIA LTDA,,,,,,,,
BISCOITO DE ARROZ V,,,,,un,,CARREFOUR COMERCIO E INDUSTRIA LTDA,,,,,,,,
BISCOITO LEITE ISABE,,,,,un,,CARREFOUR COMERCIO E INDUSTRIA LTDA,,,,,,,,
BISC ROSQ BOCCONE SORT 700,,,,,un,,WMS SUPERMERCADOS DO BRASIL LTDA,,,,,,,,
BISC AMANT CARREFOU,,,,,un,,CARREFOUR COMERCIO E INDUSTRIA LTDA,,,,,,,,
MINI BISC ARROZ INT,,,,,un,,CARREFOUR COMERCIO E INDUSTRIA LTDA,,,,,,,,
BISC AGUA E SAL BISCOBOM 2,,,,,un,,WMS SUPERMERCADOS DO BRASIL LTDA,,,,,,,,
BISCOITO CASAREDO 400G AGUA E SAL,,,,,un,,COMERCIO DE ALIMENTOS ROHENKOHL LTDA,,,,,,,,
COOKIE CHOC BAUDUCCO,,,,,un,,CARREFOUR COMERCIO E INDUSTRIA LTDA,,,,,,,,
COOKIE CHOC LACTA DI,,,,,un,,CARREFOUR COMERCIO E INDUSTRIA LTDA,,,,,,,,
COOKIE BA C A 140G,,,,,un,,CARREFOUR COMERCIO E INDUSTRIA LTDA,,,,,,,,
COOKIE INT NESFIT CA,,,,,un,,CARREFOUR COMERCIO E INDUSTRIA LTDA,,,,,,,,
COOKIE LEVIT CACAU G,,,,,un,,CARREFOUR COMERCIO E INDUSTRIA LTDA,,,,,,,,
COOKIE LEVIT AVEIA E,,,,,un,,CARREFOUR COMERCIO E INDUSTRIA LTDA,,,,,,,,
MACARRAO INSTANTA,,,,,un,,Supermercado JGZ LTDA,,,,,,,,
MACARRAO INST CARREF,,,,,un,,CARREFOUR COMERCIO E INDUSTRIA LTDA,,,,,,,,
MAC SPAGUETTI N8 INT,,,,,un,,CARREFOUR COMERCIO E INDUSTRIA LTDA,,,,,,,,
MAC S GLUTEN ORIENTA,,,,,un,,CARREFOUR COMERCIO E INDUSTRIA LTDA,,,,,,,,
MASSA PARATI 500G ESPAGUETE C/OVOS,,,,,un,,COMERCIO DE ALIMENTOS ROHENKOHL LTDA,,,,,,,,
MAC INST CUP NOODLES,,,,,un,,COMERCIO DE ALIMENTOS ROHENKOHL LTDA,,,,,,,,
MAC OVOS CASE N1 MOS,,,,,un,,CARREFOUR COMERCIO E INDUSTRIA LTDA,,,,,,,,
MAC OVOS CASE N4 MOS,,,,,un,,CARREFOUR COMERCIO E INDUSTRIA LTDA,,,,,,,,
MAC S OVOS CASE COLE,,,,,un,,CARREFOUR COMERCIO E INDUSTRIA LTDA,,,,,,,,
MAC INST ISABELA GA,,,,,un,,CARREFOUR COMERCIO E INDUSTRIA LTDA,,,,,,,,
MAC CASE TALHARIM SA,,,,,un,,CARREFOUR COMERCIO E INDUSTRIA LTDA,,,,,,,,
MAC CAB AN NORD 500G,,,,,un,,CARREFOUR COMERCIO E INDUSTRIA LTDA,,,,,,,,
MADELEINES MERCATTO 250G,,,,,un,,COMPANHIA ZAFFARI COMERCIO E INDUSTRIA,,,,,,,,
Talharim,,,,,kg,,CASA DE MASSAS VO NICE LTDA ME,,,,,,,,
MAS C/OV DIANA ESPAG 500G,,,,,un,,WMS SUPERMERCADOS DO BRASIL LTDA,,,,,,,,
MAS C/OV DIANA PENNE 500G,,,,,un,,WMS SUPERMERCADOS DO BRASIL LTDA,,,,,,,,
PERA WILLIANS IMP GI,,,,,kg,,CARREFOUR COMERCIO E INDUSTRIA LTDA,,,,,,,,
PERA PACKHAMS TRIPH,,,,,kg,,CARREFOUR COMERCIO E INDUSTRIA LTDA,,,,,,,,
GOIABA**,,,,,kg,,Supermercado Onzi Ltda.,,,,,,,,
ABACAXI PEROLA CRFO,,,,,kg,,CARREFOUR COMERCIO E INDUSTRIA LTDA,,,,,,,,
ABACAXI PEROLA UN,,,,,kg,,CARREFOUR COMERCIO E INDUSTRIA LTDA,,,,,,,,
MANGA,,,,,kg,,COMERCIO DE ALIMENTOS ROHENKOHL LTDA,,,,,,,,
MANGA TOMMY GRANEL,,,,,kg,,COMPANHIA ZAFFARI COMERCIO E INDUSTRIA,,,,,,,,
MANGA TOMMY CRFO KG,,,,,kg,,CARREFOUR COMERCIO E INDUSTRIA LTDA,,,,,,,,
MANGA TOMMY KG,,,,,kg,,CARREFOUR COMERCIO E INDUSTRIA LTDA,,,,,,,,
PITAYA KG,,,,,kg,,Supermercado JGZ LTDA,,,,,,,,
PITAIA KG,,,,,kg,,Supermercado Onzi Ltda.,,,,,,,,
PESSEGO,,,,,kg,,COMERCIO DE ALIMENTOS ROHENKOHL LTDA,,,,,,,,
PESSEGO NACIONAL,,,,,kg,,COMERCIO DE ALIMENTOS ROHENKOHL LTDA,,,,,,,,
PESSEGO NACIONAL kg,,,,,kg,,UNIDASUL DISTRIBUIDORA ALIMENTICIA S/A,,,,,,,,
PESSEGO BRANCO KG,,,,,kg,,CARREFOUR COMERCIO E INDUSTRIA LTDA,,,,,,,,
PESSEGO BRANCO GAUCHO GRANEL,,,,,kg,,"COMPANHIA ZAFFARI COMERCIO E INDUSTRIA
",,,,,,,,
PESSEGO AMARELO GAUCHOGRANEL,,,,,kg,,"COMPANHIA ZAFFARI COMERCIO E INDUSTRIA
",,,,,,,,
AMEIXA KG,,,,,kg,,Supermercado Onzi Ltda.,,,,,,,,
AMEIXA IMPORT CRFO K,,,,,kg,,CARREFOUR COMERCIO E INDUSTRIA LTDA,,,,,,,,
AMEIXA SECA S/CAR,,,,,un,,TIMY INDUSTRIA E COMERCIO DE ALIMENTOS EIRELI,,,,,,,,
DAMASCO SECO TURCO GRANEL,,,,,kg,,"COMPANHIA ZAFFARI COMERCIO E INDUSTRIA
",,,,,,,,
MORANG BD 200G,,,,,un,,CARREFOUR COMERCIO E INDUSTRIA LTDA,,,,,,,,
UVA PRETA SEM SEMENT,,,,,un,,CARREFOUR COMERCIO E INDUSTRIA LTDA,,,,,,,,
UVA CLARA SEM SEMENT,,,,,un,,CARREFOUR COMERCIO E INDUSTRIA LTDA,,,,,,,,
UVA COLONIAL ROSA,,,,,kg,,COMERCIO DE ALIMENTOS ROHENKOHL LTDA,,,,,,,,
UVA VERMELHA SEM SEM,,,,,un,,CARREFOUR COMERCIO E INDUSTRIA LTDA,,,,,,,,
LARANJA NAVELINA GRANEL,,,,,kg,,"COMPANHIA ZAFFARI COMERCIO E INDUSTRIA
",,,,,,,,
LARANJA PERA CRFO KG,,,,,kg,,CARREFOUR COMERCIO E INDUSTRIA LTDA,,,,,,,,
LARANJA PERA KG,,,,,kg,,CARREFOUR COMERCIO E INDUSTRIA LTDA,,,,,,,,
LARANJA UMBIGO CRFO,,,,,kg,,CARREFOUR COMERCIO E INDUSTRIA LTDA,,,,,,,,
LARANJA UMBIGO,,,,,kg,,Supermercados SBS LTDA.,,,,,,,,
LIMAO TAHTI,,,,,kg,,Sacolao DP Sao Jose LTDA,,,,,,,,
LIMAO TAHITI CRFO KG,,,,,kg,,CARREFOUR COMERCIO E INDUSTRIA LTDA,,,,,,,,
LIMAO SICILIANO CRFO,,,,,kg,,CARREFOUR COMERCIO E INDUSTRIA LTDA,,,,,,,,
MELANCIA POLPA AMARE,,,,,kg,,CARREFOUR COMERCIO E INDUSTRIA LTDA,,,,,,,,
MELANCIA,,,,,kg,,Supermercado Onzi Ltda.,,,,,,,,
MELAO AMARELO CRFO K,,,,,kg,,CARREFOUR COMERCIO E INDUSTRIA LTDA,,,,,,,,
MELAO AMARELO KG,,,,,kg,,CARREFOUR COMERCIO E INDUSTRIA LTDA,,,,,,,,
MELAO CANTALUPE CRFO,,,,,kg,,CARREFOUR COMERCIO E INDUSTRIA LTDA,,,,,,,,
MAMAO,,,,,kg,,SUPER KOSCHECK,,,,,,,,
MAMAO FORMOSA,,,,,kg,,Supermercado Onzi Ltda.,,,,,,,,
MAMAO FORMOSA,,,,,kg,,Sacolao DP Sao Jose LTDA,,,,,,,,
MAMAO FORMOSA,,,,,kg,,COMERCIO DE ALIMENTOS ROHENKOHL LTDA,,,,,,,,
MAMAO FORMOSA CRFO K,,,,,kg,,CARREFOUR COMERCIO E INDUSTRIA LTDA,,,,,,,,
MAMAO FORMOSA KG,,,,,kg,,CARREFOUR COMERCIO E INDUSTRIA LTDA,,,,,,,,
MAMAO PAPAIA INTEIRO,,,,,kg,,"COMPANHIA ZAFFARI COMERCIO E INDUSTRIA
",,,,,,,,
MAMAO PAPAYA,,,,,kg,,Sacolao DP Sao Jose LTDA,,,,,,,,
MAMAO PAPAIA,,,,,un,,SUPER KOSCHECK,,,,,,,,
MAMAO PAPAIA,,,,,kg,,COMERCIO DE ALIMENTOS ROHENKOHL LTDA,,,,,,,,
MAMAO PAPAYA CRFO KG,,,,,kg,,CARREFOUR COMERCIO E INDUSTRIA LTDA,,,,,,,,
BANANA PRATA,,,,,kg,,SUPERMERCADO BELTRAME LTDA,,,,,,,,
BANANA BRANCA,,,,,kg,,Supermercado Onzi Ltda.,,,,,,,,
BANANA BRANCA KG,,,,,kg,,Supermercados SBS LTDA.,,,,,,,,
BANANA CATURRA,,,,,kg,,COMERCIO DE ALIMENTOS ROHENKOHL LTDA,,,,,,,,
BANANA CATURRA GRANEL,,,,,kg,,COMPANHIA ZAFFARI COMERCIO E INDUSTRIA,,,,,,,,
BANANA PRATA GRANEL,,,,,kg,,COMPANHIA ZAFFARI COMERCIO E INDUSTRIA,,,,,,,,
BANANA PRATA,,,,,kg,,Sacolao DP Sao Jose LTDA,,,,,,,,
BANANA PRATA,,,,,kg,,SUPER KOSCHECK,,,,,,,,
BANANA PRATA KG,,,,,kg,,CARREFOUR COMERCIO E INDUSTRIA LTDA,,,,,,,,
BANANA PRATA kg,,,,,kg,,UNIDASUL DISTRIBUIDORA ALIMENTICIA S/A,,,,,,,,
BANANA PRATA PCT 800,,,,,un,,CARREFOUR COMERCIO E INDUSTRIA LTDA,,,,,,,,
BANANA PRATA COMUM C,,,,,kg,,CARREFOUR COMERCIO E INDUSTRIA LTDA,,,,,,,,
BANANA PRATA COMUM,,,,,kg,,CARREFOUR COMERCIO E INDUSTRIA LTDA,,,,,,,,
BANANA NANICA CRFO K,,,,,kg,,CARREFOUR COMERCIO E INDUSTRIA LTDA,,,,,,,,
ATEMOYA CRFO KG,,,,,kg,,CARREFOUR COMERCIO E INDUSTRIA LTDA,,,,,,,,
MACA,,,,,kg,,SUPER KOSCHECK,,,,,,,,
MACA SQ 1KG,,,,,un,,CARREFOUR COMERCIO E INDUSTRIA LTDA,,,,,,,,
MACA GALA CRFO KG,,,,,kg,,CARREFOUR COMERCIO E INDUSTRIA LTDA,,,,,,,,
MACA GALA KG,,,,,kg,,CARREFOUR COMERCIO E INDUSTRIA LTDA,,,,,,,,
MACA GALA,,,,,kg,,Supermercado Onzi Ltda.,,,,,,,,
MACA GALA UNICO 1KG,,,,,un,,CARREFOUR COMERCIO E INDUSTRIA LTDA,,,,,,,,
MACA FUJI GRANEL,,,,,un,,COMPANHIA ZAFFARI COMERCIO E INDUSTRIA,,,,,,,,
MACA FUJI CRFO KG,,,,,kg,,CARREFOUR COMERCIO E INDUSTRIA LTDA,,,,,,,,
MACA FUJI KG,,,,,kg,,CARREFOUR COMERCIO E INDUSTRIA LTDA,,,,,,,,
MACA GRANNY VERDE IMP. GRANEL,,,,,kg,,COMPANHIA ZAFFARI COMERCIO E INDUSTRIA,,,,,,,,
BERG PONKAN,,,,,kg,,SUPERMERCADO BELTRAME LTDA,,,,,,,,
BERGAMOTA MONTENE,,,,,kg,,Supermercado Onzi Ltda.,,,,,,,,
BERGAMOTA KG,,,,,kg,,CARREFOUR COMERCIO E INDUSTRIA LTDA,,,,,,,,
MEXERICA PONKAN KG,,,,,kg,,CARREFOUR COMERCIO E INDUSTRIA LTDA,,,,,,,,
MEXERICA PONKAN KG,,,,,kg,,CARREFOUR COMERCIO E INDUSTRIA LTDA,,,,,,,,
TAMARA S CAROCO SELK,,,,,un,,CARREFOUR COMERCIO E INDUSTRIA LTDA,,,,,,,,
DAMASCO SECO ELMAS 2,,,,,un,,CARREFOUR COMERCIO E INDUSTRIA LTDA,,,,,,,,
FIGO BANDEIJA,,,,,un,,Supermercado Onzi Ltda.,,,,,,,,
GENGIBRE KG,,,,,kg,,CARREFOUR COMERCIO E INDUSTRIA LTDA,,,,,,,,
BROCOLIS FRUTTICIPRI,,,,,un,,CARREFOUR COMERCIO E INDUSTRIA LTDA,,,,,,,,
BROCOLIS HIBRIDO 350G,,,,,un,,COMPANHIA ZAFFARI COMERCIO E INDUSTRIA,,,,,,,,
BERINJELA KG,,,,,kg,,CARREFOUR COMERCIO E INDUSTRIA LTDA,,,,,,,,
BETERRABA RAMA,,,,,un,,CARREFOUR COMERCIO E INDUSTRIA LTDA,,,,,,,,
BETERRABA KG,,,,,kg,,CARREFOUR COMERCIO E INDUSTRIA LTDA,,,,,,,,
BETERRABA,,,,,kg,,SUPER KOSCHECK,,,,,,,,
BETERRABA,,,,,kg,,COMERCIO DE ALIMENTOS ROHENKOHL LTDA,,,,,,,,
TEMPERO VERDE,,,,,un,,Supermercado Onzi Ltda,,,,,,,,
AZEITONA VDE S CAROC,,,,,un,,CARREFOUR COMERCIO E INDUSTRIA LTDA,,,,,,,,
AZEITONA VERDE C/,,,,,un,,TIMY INDUSTRIA E COMERCIO DE ALIMENTOS EIRELI,,,,,,,,
AZEITON CARREFOUR VD,,,,,un,,CARREFOUR COMERCIO E INDUSTRIA LTDA,,,,,,,,
AZ PRETA AZAPA V.FERTIL C/C 200G,,,,,un,,COMPANHIA ZAFFARI COMERCIO E INDUSTRIA,,,,,,,,
ALHO PORO MC,,,,,un,,CARREFOUR COMERCIO E INDUSTRIA LTDA,,,,,,,,
ALFACE. UN,,,,,un,,Sacolao DP Sao Jose LTDA,,,,,,,,
ALFACE UN,,,,,un,,Supermercado JGZ LTDA,,,,,,,,
ALFACE MIMOSA HID,,,,,un,,Supermercado JGZ LTDA,,,,,,,,
ALFACE MIMOSA HIDROPONICA,,,,,un,,COMPANHIA ZAFFARI COMERCIO E INDUSTRIA,,,,,,,,
ALFACE ROXA HIDROPONICA,,,,,un,,COMPANHIA ZAFFARI COMERCIO E INDUSTRIA,,,,,,,,
ALFACE HIDROPONICA,,,,,un,,CARREFOUR COMERCIO E INDUSTRIA LTDA,,,,,,,,
ALFACE DE ESTUFA,,,,,un,,COMPANHIA ZAFFARI COMERCIO E INDUSTRIA,,,,,,,,
ALFACE,,,,,un,,Supermercado Onzi Ltda.,,,,,,,,
ALFACE TEMPEROS RUCULA,,,,,un,,COMERCIO DE ALIMENTOS ROHENKOHL LTDA,,,,,,,,
ALFACE LISA ORG ORGA,,,,,un,,CARREFOUR COMERCIO E INDUSTRIA LTDA,,,,,,,,
ALFACE CRESPA,,,,,un,,SUPERMERCADO FORLIN EIRELI,,,,,,,,
CEBOLA IMP KG,,,,,kg,,CARREFOUR COMERCIO E INDUSTRIA LTDA,,,,,,,,
CEBOLA,,,,,kg,,COMERCIO DE ALIMENTOS ROHENKOHL LTDA,,,,,,,,
CEBOLA GRANO IMPORTADA GRANEL,,,,,kg,,COMPANHIA ZAFFARI COMERCIO E INDUSTRIA,,,,,,,,
CEBOLA,,,,,kg,,SUPER KOSCHECK,,,,,,,,
CEBOLA KG,,,,,kg,,CARREFOUR COMERCIO E INDUSTRIA LTDA,,,,,,,,
CEBOLA AO KG,,,,,kg,,SUPERMERCADO FORLIN EIRELI,,,,,,,,
CEBOLA CRFO KG,,,,,kg,,CARREFOUR COMERCIO E INDUSTRIA LTDA,,,,,,,,
CEBOLA BRANCA GRANEL,,,,,kg,,COMPANHIA ZAFFARI COMERCIO E INDUSTRIA,,,,,,,,
CEBOLINHA PT 11,,,,,un,,CARREFOUR COMERCIO E INDUSTRIA LTDA,,,,,,,,
BATATA BRANCA,,,,,kg,,SUPER KOSCHECK,,,,,,,,
BATATA BRANCA GRANEL,,,,,kg,,COMPANHIA ZAFFARI COMERCIO E INDUSTRIA,,,,,,,,
BATATA BRANCA KG.,,,,,kg,,Supermercado JGZ LTDA,,,,,,,,
"BATATA BRANCA 1,5KG",,,,,un,,COMPANHIA ZAFFARI COMERCIO E INDUSTRIA,,,,,,,,
BATATA DOCE ROXA CRF,,,,,kg,,CARREFOUR COMERCIO E INDUSTRIA LTDA,,,,,,,,
BATATA DOCE ROSADA GRANEL,,,,,kg,,COMPANHIA ZAFFARI COMERCIO E INDUSTRIA,,,,,,,,
BATATA DOCE,,,,,kg,,COMERCIO DE ALIMENTOS ROHENKOHL LTDA,,,,,,,,
BATATA ROSA,,,,,kg,,COMERCIO DE ALIMENTOS ROHENKOHL LTDA,,,,,,,,
BATATA ROSA,,,,,kg,,SUPER KOSCHECK,,,,,,,,
BATATA ROSADA CRFO K,,,,,kg,,CARREFOUR COMERCIO E INDUSTRIA LTDA,,,,,,,,
BATATA MONALISA CRFO,,,,,kg,,CARREFOUR COMERCIO E INDUSTRIA LTDA,,,,,,,,
BATATA MONALISA KG,,,,,kg,,CARREFOUR COMERCIO E INDUSTRIA LTDA,,,,,,,,
REPOLHO VERDE,,,,,kg,,SUPERMERCADO BELTRAME LTDA,,,,,,,,
REPOLHO,,,,,kg,,SUPER KOSCHECK,,,,,,,,
REPOLHO ROXO 400G,,,,,un,,COMPANHIA ZAFFARI COMERCIO E INDUSTRIA,,,,,,,,
REPOLHO LISO KG,,,,,kg,,CARREFOUR COMERCIO E INDUSTRIA LTDA,,,,,,,,
CENOURA,,,,,kg,,Supermercado Onzi Ltda.,,,,,,,,
CENOURA,,,,,kg,,SUPER KOSCHECK,,,,,,,,
CENOURA,,,,,kg,,COMERCIO DE ALIMENTOS ROHENKOHL LTDA,,,,,,,,
CENOURA ESPECIAL 600G,,,,,un,,COMPANHIA ZAFFARI COMERCIO E INDUSTRIA,,,,,,,,
CENOURA GRANEL,,,,,kg,,COMPANHIA ZAFFARI COMERCIO E INDUSTRIA,,,,,,,,
CENOURA ORG CAMPO LI,,,,,un,,CARREFOUR COMERCIO E INDUSTRIA LTDA,,,,,,,,
CENOURA EMB KG,,,,,kg,,CARREFOUR COMERCIO E INDUSTRIA LTDA,,,,,,,,
CENOURA KG,,,,,kg,,CARREFOUR COMERCIO E INDUSTRIA LTDA,,,,,,,,
MILHO VERDE BANDEIJA,,,,,un,,Supermercado Onzi Ltda,,,,,,,,
ABOBRINHA ITALIANA U,,,,,un,,CARREFOUR COMERCIO E INDUSTRIA LTDA,,,,,,,,
ABOBORA KABOTIA EMB,,,,,kg,,CARREFOUR COMERCIO E INDUSTRIA LTDA,,,,,,,,
PEPINO SALADA,,,,,kg,,Supermercado Onzi Ltda,,,,,,,,
COUVE FOLHA UN,,,,,un,,Supermercado JGZ LTDA,,,,,,,,
COUVE FATIADA PRIMODORO 200G,,,,,un,,COMPANHIA ZAFFARI COMERCIO E INDUSTRIA,,,,,,,,
RUCULA HIDROPONICA,,,,,un,,CARREFOUR COMERCIO E INDUSTRIA LTDA,,,,,,,,
TOMATE GAUCHO AO KG,,,,,kg,,SUPERMERCADO FORLIN EIRELI,,,,,,,,
TOMATE ITALIANO KG,,,,,kg,,CARREFOUR COMERCIO E INDUSTRIA LTDA,,,,,,,,
TOMATE L VIDA KG,,,,,kg,,SUPERMERCADO BELTRAME LTDA,,,,,,,,
TOMATE LONGA VIDA KG,,,,,kg,,Supermercado Onzi Ltda,,,,,,,,
TOMATE LONGA VIDA,,,,,kg,,COMERCIO DE ALIMENTOS ROHENKOHL LTDA,,,,,,,,
TOMATE L VIDA,,,,,kg,,COMERCIO DE ALIMENTOS ROHENKOHL LTDA,,,,,,,,
TOMATE LONGA VIDA GRANEL,,,,,kg,,COMPANHIA ZAFFARI COMERCIO E INDUSTRIA,,,,,,,,
TOMATE LONGA VIDA KG,,,,,kg,,CARREFOUR COMERCIO E INDUSTRIA LTDA,,,,,,,,
TOMATE LONGA VIDA REDINHA 1KG,,,,,un,,COMPANHIA ZAFFARI COMERCIO E INDUSTRIA,,,,,,,,
TOMATE ITALIANO CRFO,,,,,kg,,CARREFOUR COMERCIO E INDUSTRIA LTDA,,,,,,,,
TOMATE CRFO KG,,,,,kg,,CARREFOUR COMERCIO E INDUSTRIA LTDA,,,,,,,,
TOMATE KG,,,,,kg,,CARREFOUR COMERCIO E INDUSTRIA LTDA,,,,,,,,
TOMATE SWEET GRAPE S,,,,,un,,CARREFOUR COMERCIO E INDUSTRIA LTDA,,,,,,,,
TOMATE,,,,,kg,,SUPER KOSCHECK,,,,,,,,
AG MINERAL AGUA D.PEDRA C/GAS2L,,,,,un,,COMPANHIA ZAFFARI COMERCIO E INDUSTRIA,,,,,,,,
AGUA DA PEDRA 2LT,,,,,un,,Supermercado JGZ LTDA,,,,,,,,
AGUA MINERAL C GAS S,,,,,un,,CARREFOUR COMERCIO E INDUSTRIA LTDA,,,,,,,,
AGUA MINERAL AQUALIFE 5L S/G,,,,,un,,COMERCIO DE ALIMENTOS ROHENKOHL LTDA,,,,,,,,
AGUA MINERAL FLORESTA 5L SEM GAS,,,,,un,,COMERCIO DE ALIMENTOS ROHENKOHL LTDA,,,,,,,,
AGUA MIN S GAS CRYST,,,,,un,,CARREFOUR COMERCIO E INDUSTRIA LTDA,,,,,,,,
AGUA MIN FONTE DA LOMBA S/G 5L,,,,,un,,UNIDASUL DISTRIBUIDORA ALIMENTICIA S/A,,,,,,,,
"AGUA MIN CRYSTAL S/G 1,5L",,,,,un,,UNIDASUL DISTRIBUIDORA ALIMENTICIA S/A,,,,,,,,
AGUA MIN CRYSTAL S/G 500ml,,,,,un,,UNIDASUL DISTRIBUIDORA ALIMENTICIA S/A,,,,,,,,
AGUA DA PEDRA S/ GAS 5L,,,,,un,,"SUPER KOSCHECK
",,,,,,,,
AGUA MIN C G FRUKI P,,,,,un,,CARREFOUR COMERCIO E INDUSTRIA LTDA,,,,,,,,
AGUA C/ GAS,,,,,un,,BENEVENTO CHOCOLATE E CAFE COMERCIO DE ALIMENTOS LTDA,,,,,,,,
AG TONICA ANTARCT LT350ML,,,,,un,,COMPANHIA ZAFFARI COMERCIO E INDUSTRIA,,,,,,,,
AG TONICA SCHWEPPES LT350ML,,,,,un,,COMPANHIA ZAFFARI COMERCIO E INDUSTRIA,,,,,,,,
TONICA SCHWEPPES GINGER ALE LT220ml,,,,,un,,UNIDASUL DISTRIBUIDORA ALIMENTICIA S/A,,,,,,,,
AG TONICA ANTARCT ZR LT350ML,,,,,un,,COMPANHIA ZAFFARI COMERCIO E INDUSTRIA,,,,,,,,
AGUA DE COCO 1L KERO COCO,,,,,un,,COMERCIO DE ALIMENTOS ROHENKOHL LTDA,,,,,,,,
SUCO INT POMARES DO,,,,,un,,CARREFOUR COMERCIO E INDUSTRIA LTDA,,,,,,,,
SUCO INT CARREFOUR T,,,,,un,,CARREFOUR COMERCIO E INDUSTRIA LTDA,,,,,,,,
SUCO NECTAR DEL VALL,,,,,un,,CARREFOUR COMERCIO E INDUSTRIA LTDA,,,,,,,,
SUCO UVA TINTO INT P,,,,,un,,CARREFOUR COMERCIO E INDUSTRIA LTDA,,,,,,,,
SUCO INT MAGUARY SEL,,,,,un,,CARREFOUR COMERCIO E INDUSTRIA LTDA,,,,,,,,
"SCHWEPPES CITR R.ORIG 1,5L",,,,,un,,COMPANHIA ZAFFARI COMERCIO E INDUSTRIA,,,,,,,,
PEPSI TRADICIONAL 600ML,,,,,un,,COMPANHIA ZAFFARI COMERCIO E INDUSTRIA,,,,,,,,
PEPSI TRADICIONAL 2L,,,,,un,,COMPANHIA ZAFFARI COMERCIO E INDUSTRIA,,,,,,,,
PEPSI ZERO 2L,,,,,un,,COMPANHIA ZAFFARI COMERCIO E INDUSTRIA,,,,,,,,
REFR COCA PLUS LT 220ml,,,,,un,,UNIDASUL DISTRIBUIDORA ALIMENTICIA S/A,,,,,,,,
COCA-COLA S/ACUCAR 200ML,,,,,un,,COMPANHIA ZAFFARI COMERCIO E INDUSTRIA,,,,,,,,
COCA-COLA S/ACUCAR 600ML,,,,,un,,COMPANHIA ZAFFARI COMERCIO E INDUSTRIA,,,,,,,,
COCA COLA LT SLE,,,,,un,,Sacolao DP Sao Jose LTDA,,,,,,,,
COCA COLA LT 350ML,,,,,un,,CARREFOUR COMERCIO E INDUSTRIA LTDA,,,,,,,,
ACHOC PO TODDY 800G,,,,,un,,CARREFOUR COMERCIO E INDUSTRIA LTDA,,,,,,,,
CHOC PO NESTLE CACAU,,,,,un,,CARREFOUR COMERCIO E INDUSTRIA LTDA,,,,,,,,
CAFE CORSINI COSTA RICA C/10,,,,,un,,COMPANHIA ZAFFARI COMERCIO E INDUSTRIA,,,,,,,,
CAFE SOLUVEL NESCAFE,,,,,un,,CARREFOUR COMERCIO E INDUSTRIA LTDA,,,,,,,,
CAFE SOLUV MATINAL N,,,,,un,,CARREFOUR COMERCIO E INDUSTRIA LTDA,,,,,,,,
CAFE VACUO EXT FORTE,,,,,un,,CARREFOUR COMERCIO E INDUSTRIA LTDA,,,,,,,,
CAFE VACUO TRAD SABO,,,,,un,,CARREFOUR COMERCIO E INDUSTRIA LTDA,,,,,,,,
CAPSULA SUPREMO 80G TRES CORACOES,,,,,un,,LOJAS AMERICANAS S/A,,,,,,,,
CAPSULA AMENO 80G TRES CORACOES,,,,,un,,LOJAS AMERICANAS S/A,,,,,,,,
CAPSULA VIBRANTE 80G TRES CORACOES,,,,,un,,LOJAS AMERICANAS S/A,,,,,,,,
CAFE IGUACU SOLUV,,,,,un,,Supermercado JGZ LTDA,,,,,,,,
CAFE NESCAFE MATINAL REFIL 50G,,,,,un,,COMPANHIA ZAFFARI COMERCIO E INDUSTRIA,,,,,,,,
CAFE NESCAFE MATINAL SACHE 50GR,,,,,un,,COOPERATIVA MISTA SAO LUIZ LTDA - F29,,,,,,,,
CAFE TOR MO 3CORACOE,,,,,un,,CARREFOUR COMERCIO E INDUSTRIA LTDA,,,,,,,,
CAFE TORR MOIDO NESC,,,,,un,,CARREFOUR COMERCIO E INDUSTRIA LTDA,,,,,,,,
CAFE TORR MOI NESCA,,,,,un,,CARREFOUR COMERCIO E INDUSTRIA LTDA,,,,,,,,
CAFE MERCATTO TRAD VAC500G,,,,,un,,COMPANHIA ZAFFARI COMERCIO E INDUSTRIA,,,,,,,,
CAFE STARBUCKS HOUSE BLEND250G,,,,,un,,COMPANHIA ZAFFARI COMERCIO E INDUSTRIA,,,,,,,,
CAFE TRES E.VIBR C/10 CAPS,,,,,un,,COMPANHIA ZAFFARI COMERCIO E INDUSTRIA,,,,,,,,
CAFE TRES ESP DECAF C/10 CAPS,,,,,un,,COMPANHIA ZAFFARI COMERCIO E INDUSTRIA,,,,,,,,
CAFE TRES E.SUPR C/10 CAPS,,,,,un,,COMPANHIA ZAFFARI COMERCIO E INDUSTRIA,,,,,,,,
CAFE TRES CAFE C/LTE C/10 CAPS,,,,,un,,COMPANHIA ZAFFARI COMERCIO E INDUSTRIA,,,,,,,,
CAFE CABOCLO 250G,,,,,un,,SUPERMERCADO BELTRAME LTDA,,,,,,,,
CAFE COM LEITE,,,,,un,,VALDEMAR PIOVESAN EIRELI,,,,,,,,
ESPRESSO,,,,,un,,BENEVENTO CHOCOLATE E CAFE COMERCIO DE ALIMENTOS LTDA,,,,,,,,
3L -BAG IN BOX- VINHO TTO SCO CAB SAUVIGNON,,,,,un,,ADEGA BOSCATO COM DE BEB E ALI EIRELI ME,,,,,,,,
VINHO BENEDICTUM III TEMPRANILLO 750ML,,,,,un,,"COMERCIO DE BEBIDAS RFB LTDA
",,,,,,,,
VINHO TERRAS DEL REI TINTO 750ML,,,,,un,,"COMERCIO DE BEBIDAS RFB LTDA
",,,,,,,,
VH HEREFORD MALBEC 750ML,,,,,un,,COMPANHIA ZAFFARI COMERCIO E INDUSTRIA,,,,,,,,
VH HEREFORD ROSE 750ML,,,,,un,,"COMPANHIA ZAFFARI COMERCIO E INDUSTRIA
",,,,,,,,
VH C.DELDIABL R.BLEND RES 750ML 1,,,,,un,,COMPANHIA ZAFFARI COMERCIO E INDUSTRIA,,,,,,,,
ROSE 750ML VINHO SCO FINO,,,,,un,,ADEGA BOSCATO COM DE BEB E ALI EIRELI ME,,,,,,,,
MOSCATO 3 L VINHO BCO SCO,,,,,un,,ADEGA BOSCATO COM DE BEB E ALI EIRELI ME,,,,,,,,
VH HEREFORD CHARDONNAY 750ML,,,,,un,,"COMPANHIA ZAFFARI COMERCIO E INDUSTRIA
",,,,,,,,
VH BC POR CASAL MEND,,,,,un,,CARREFOUR COMERCIO E INDUSTRIA LTDA,,,,,,,,
VH ESPIRITU DE CHILE GW SE BB 3L,,,,,un,,COMPANHIA ZAFFARI COMERCIO E INDUSTRIA,,,,,,,,
VHO TTO CHI YALI WIL,,,,,un,,CARREFOUR COMERCIO E INDUSTRIA LTDA,,,,,,,,
ESPUMANTE SALTON MOS,,,,,un,,CARREFOUR COMERCIO E INDUSTRIA LTDA,,,,,,,,
ESPUMANTE GARIBALDI,,,,,un,,CARREFOUR COMERCIO E INDUSTRIA LTDA,,,,,,,,
ESPUM BCO GARIBALDI,,,,,un,,CARREFOUR COMERCIO E INDUSTRIA LTDA,,,,,,,,
ESPUMANTE LUNAR PERF,,,,,un,,CARREFOUR COMERCIO E INDUSTRIA LTDA,,,,,,,,
APERITIVO APEROL 750,,,,,un,,CARREFOUR COMERCIO E INDUSTRIA LTDA,,,,,,,,
GIN LARIOS ORIGINAL,,,,,un,,CARREFOUR COMERCIO E INDUSTRIA LTDA,,,,,,,,
GIN INTENCION 900ML,,,,,un,,CARREFOUR COMERCIO E INDUSTRIA LTDA,,,,,,,,
WHISKY CHIVAS REGAL,,,,,un,,CARREFOUR COMERCIO E INDUSTRIA LTDA,,,,,,,,
REFRIG FANTA LARANJA,,,,,un,,CARREFOUR COMERCIO E INDUSTRIA LTDA,,,,,,,,
REFRIGERANTE SUKITA 2L UVA,,,,,un,,COMERCIO DE ALIMENTOS ROHENKOHL LTDA,,,,,,,,
REFRESCO TRINK 25G,,,,,un,,COMERCIO DE ALIMENTOS ROHENKOHL LTDA,,,,,,,,
REFRESCO TANG 25G,,,,,un,,COMERCIO DE ALIMENTOS ROHENKOHL LTDA,,,,,,,,
CHA PESSEGO LIPTON 1,,,,,un,,CARREFOUR COMERCIO E INDUSTRIA LTDA,,,,,,,,
CHA PRETO DR OETKER,,,,,un,,CARREFOUR COMERCIO E INDUSTRIA LTDA,,,,,,,,
CHA PRETO CARREFOUR,,,,,un,,CARREFOUR COMERCIO E INDUSTRIA LTDA,,,,,,,,
CHA FRUTAS VERMELHAS,,,,,un,,CARREFOUR COMERCIO E INDUSTRIA LTDA,,,,,,,,
CHA ICE TEA FUZE PES,,,,,un,,CARREFOUR COMERCIO E INDUSTRIA LTDA,,,,,,,,
CHA VERDE CARREFOUR,,,,,un,,CARREFOUR COMERCIO E INDUSTRIA LTDA,,,,,,,,
ISOT GATORADE LARANJA PET 500ml,,,,,un,,UNIDASUL DISTRIBUIDORA ALIMENTICIA S/A,,,,,,,,
ISOT GATORADE LIMAO PET 500ml,,,,,un,,UNIDASUL DISTRIBUIDORA ALIMENTICIA S/A,,,,,,,,
BEB ENERG MONSTER ABSOLUT ZERO LT473ml,,,,,un,,UNIDASUL DISTRIBUIDORA ALIMENTICIA S/A,,,,,,,,
BEB ENERG MONSTER MANGOLOCO LT473ml,,,,,un,,UNIDASUL DISTRIBUIDORA ALIMENTICIA S/A,,,,,,,,
ENERGETICO MONSTER 500ML ENERGY+FRUTAS JUICE,,,,,un,,COMERCIO DE ALIMENTOS ROHENKOHL LTDA,,,,,,,,
ENERGETICO RED BULL,,,,,un,,CARREFOUR COMERCIO E INDUSTRIA LTDA,,,,,,,,
CERVEJA TRIGO PATAGO,,,,,un,,CARREFOUR COMERCIO E INDUSTRIA LTDA,,,,,,,,
CERVEJA LAGER CORUJA,,,,,un,,CARREFOUR COMERCIO E INDUSTRIA LTDA,,,,,,,,
CERV PILSEN BOHEMIAN,,,,,un,,CARREFOUR COMERCIO E INDUSTRIA LTDA,,,,,,,,
CERVEJA PILSEN 33 GR,,,,,un,,CARREFOUR COMERCIO E INDUSTRIA LTDA,,,,,,,,
CERV PILSEN DADO BIE,,,,,un,,CARREFOUR COMERCIO E INDUSTRIA LTDA,,,,,,,,
CERVEJA WEISS BECKER,,,,,un,,CARREFOUR COMERCIO E INDUSTRIA LTDA,,,,,,,,
CERV LAGER TIGER,,,,,un,,CARREFOUR COMERCIO E INDUSTRIA LTDA,,,,,,,,
CERV BAD CRISTAL GRF,,,,,un,,CARREFOUR COMERCIO E INDUSTRIA LTDA,,,,,,,,
CERVEJA BADEN AMERIC,,,,,un,,CARREFOUR COMERCIO E INDUSTRIA LTDA,,,,,,,,
"CERVEJA 350ML BRAHMA 0,0% ALCOOL",,,,,un,,COMERCIO DE ALIMENTOS ROHENKOHL LTDA,,,,,,,,
CERVEJA 473ML EISENBAHN PILSEN,,,,,un,,COMERCIO DE ALIMENTOS ROHENKOHL LTDA,,,,,,,,
CERVEJA 473ML AMSTEL LAGER PUROMALTE,,,,,un,,COMERCIO DE ALIMENTOS ROHENKOHL LTDA,,,,,,,,
CERVEJA 350ML BRAHMA DUPLO MALTELATA,,,,,un,,COMERCIO DE ALIMENTOS ROHENKOHL LTDA,,,,,,,,
CERVEJA 473ML BRAHMA CHOPP LATAODUPLO MALTE,,,,,un,,COMERCIO DE ALIMENTOS ROHENKOHL LTDA,,,,,,,,
CERV PATAGONIA WEISS,,,,,un,,CARREFOUR COMERCIO E INDUSTRIA LTDA,,,,,,,,
CERV SESSION IPA NAU,,,,,un,,CARREFOUR COMERCIO E INDUSTRIA LTDA,,,,,,,,
CERVEJA 473ML SKOL LATAO PURO MALTE,,,,,un,,COMERCIO DE ALIMENTOS ROHENKOHL LTDA,,,,,,,,
BEB LACTEA PIALAC SA,,,,,un,,COMERCIO DE ALIMENTOS ROHENKOHL LTDA,,,,,,,,
BEB SKOL BEATS ZODIAC AR 269ML,,,,,un,,COMPANHIA ZAFFARI COMERCIO E INDUSTRIA,,,,,,,,
CAPPUCCINO CLAS 3 CO,,,,,un,,CARREFOUR COMERCIO E INDUSTRIA LTDA,,,,,,,,
BEB MISTA GORDONS G,,,,,un,,CARREFOUR COMERCIO E INDUSTRIA LTDA,,,,,,,,
BRIGADEIRO PIA 400G,,,,,un,,CARREFOUR COMERCIO E INDUSTRIA LTDA,,,,,,,,
MIST BROWNIE DR OETK,,,,,un,,CARREFOUR COMERCIO E INDUSTRIA LTDA,,,,,,,,
MUFFIN CHOCOLATE KG,,,,,un,,CARREFOUR COMERCIO E INDUSTRIA LTDA,,,,,,,,
TABLETE GOIABADA,,,,,un,,Distribuidora de Queijos Sgorla,,,,,,,,
FRUTAS CRISTALIZADAS,,,,,un,,CARREFOUR COMERCIO E INDUSTRIA LTDA,,,,,,,,
COBERTURA CHOC M AMA,,,,,un,,CARREFOUR COMERCIO E INDUSTRIA LTDA,,,,,,,,
B CER RITTER BAN/M 25G L4P3,,,,,un,,COMPANHIA ZAFFARI COMERCIO E INDUSTRIA,,,,,,,,
CX C/4 BARRA 108G,,,,,un,,Patua Comercio Do Chocolate Eirele,,,,,,,,
CAIXA BARRA 70% C,,,,,un,,Patua Comercio Do Chocolate Eirele,,,,,,,,
CX BARRA 50GR DIE,,,,,un,,Patua Comercio Do Chocolate Eirele,,,,,,,,
BARRA 27GR 50%,,,,,un,,Patua Comercio Do Chocolate Eirele,,,,,,,,
BARRA 100GR PARAB,,,,,un,,Patua Comercio Do Chocolate Eirele,,,,,,,,
BARRA 27GR,,,,,un,,Patua Comercio Do Chocolate Eirele,,,,,,,,
AMEND COB CHOC VIEIR,,,,,un,,CARREFOUR COMERCIO E INDUSTRIA LTDA,,,,,,,,
CHOC KIT KAT DARK 41 5G NESTLE,,,,,un,,LOJAS AMERICANAS S/A,,,,,,,,
COOKIE CHOC TODDY MA,,,,,un,,CARREFOUR COMERCIO E INDUSTRIA LTDA,,,,,,,,
CHOCOLATE REFEICAO CHOC.PRETO 9G UN,,,,,un,,COMERCIO DE ALIMENTOS ROHENKOHL LTDA,,,,,,,,
CHOCOLATE REFEICAO CHOC.PRETO 9GUN,,,,,un,,COMERCIO DE ALIMENTOS ROHENKOHL LTDA,,,,,,,,
CHOCOLATE SHOT 20,,,,,un,,Sacolao DP Sao Jose LTDA,,,,,,,,
CHOC PO DR OETKER CA,,,,,un,,CARREFOUR COMERCIO E INDUSTRIA LTDA,,,,,,,,
CHOC TAB GAROTO AO L,,,,,un,,CARREFOUR COMERCIO E INDUSTRIA LTDA,,,,,,,,
CHOC TAB GAROTO TALE,,,,,un,,CARREFOUR COMERCIO E INDUSTRIA LTDA,,,,,,,,
CHOC MINI TAB LACTA,,,,,un,,CARREFOUR COMERCIO E INDUSTRIA LTDA,,,,,,,,
CHOC TAB LACTA DARK,,,,,un,,CARREFOUR COMERCIO E INDUSTRIA LTDA,,,,,,,,
CHOC TAB HERSHEYS CO,,,,,un,,CARREFOUR COMERCIO E INDUSTRIA LTDA,,,,,,,,
CHOC HERSHEYS SPECI,,,,,un,,CARREFOUR COMERCIO E INDUSTRIA LTDA,,,,,,,,
CHOC SNICKERS 45G,,,,,un,,COMPANHIA ZAFFARI COMERCIO E INDUSTRIA,,,,,,,,
CHOC TAB HERSHEYS BC,,,,,un,,CARREFOUR COMERCIO E INDUSTRIA LTDA,,,,,,,,
CHOC TAB GAROTO BRAN,,,,,un,,CARREFOUR COMERCIO E INDUSTRIA LTDA,,,,,,,,
CHOC NESTLE PRESTIGIO DARK 33G,,,,,un,,COMPANHIA ZAFFARI COMERCIO E INDUSTRIA,,,,,,,,
CHOC LACTA BIS AO LE,,,,,un,,CARREFOUR COMERCIO E INDUSTRIA LTDA,,,,,,,,
CHOC BIS AO LTE 45G,,,,,un,,CARREFOUR COMERCIO E INDUSTRIA LTDA,,,,,,,,
CHOC ALPINO RICH DARK 51% 85G,,,,,un,,COMPANHIA ZAFFARI COMERCIO E INDUSTRIA,,,,,,,,
BIS AO LEITE 126G,,,,,un,,COMPANHIA ZAFFARI COMERCIO E INDUSTRIA,,,,,,,,
CHOCOLATE NESTLE 33G PRESTIGIO,,,,,un,,COMERCIO DE ALIMENTOS ROHENKOHL LTDA,,,,,,,,
CHOC PRESTIGIO DARK 33G,,,,,un,,COMPANHIA ZAFFARI COMERCIO E INDUSTRIA,,,,,,,,
CHOC NESTLE PRESTIGIO 33G,,,,,un,,COMPANHIA ZAFFARI COMERCIO E INDUSTRIA,,,,,,,,
CHOC WAFER BIS LEITE 126G,,,,,un,,WMS SUPERMERCADOS DO BRASIL LTDA,,,,,,,,
B CER RITTER BAN/M 25G L4P3,,,,,un,,COMPANHIA ZAFFARI COMERCIO E INDUSTRIA,,,,,,,,
B CER RITTER BRIG/CH 22G L4P3,,,,,un,,COMPANHIA ZAFFARI COMERCIO E INDUSTRIA,,,,,,,,
MARIOLA GUIMARAES 300G,,,,,un,,COMPANHIA ZAFFARI COMERCIO E INDUSTRIA,,,,,,,,
PE MOLEQUE S.ANTONIO MASCAV 300G,,,,,un,,COMPANHIA ZAFFARI COMERCIO E INDUSTRIA,,,,,,,,
PE MOLEQUE KG,,,,,kg,,CARREFOUR COMERCIO E INDUSTRIA LTDA,,,,,,,,
PE DE MOLEQUE COM AC,,,,,un,,CARREFOUR COMERCIO E INDUSTRIA LTDA,,,,,,,,
PE DE MOLEQUE REDOND,,,,,un,,CARREFOUR COMERCIO E INDUSTRIA LTDA,,,,,,,,
MERENGUE R.BRANCO 120G ,,,,,un,,COMPANHIA ZAFFARI COMERCIO E INDUSTRIA,,,,,,,,
TRUFA DOURADA 70%,,,,,un,,Patua Comercio Do Chocolate Eirele,,,,,,,,
TRUFA DOURADA MAR,,,,,un,,Patua Comercio Do Chocolate Eirele,,,,,,,,
BOMBOM 15GR,,,,,un,,Patua Comercio Do Chocolate Eirele,,,,,,,,
BOMBOM CARREFOUR TRU,,,,,un,,CARREFOUR COMERCIO E INDUSTRIA LTDA,,,,,,,,
BOMBOM GAROTO IDEAL,,,,,un,,CARREFOUR COMERCIO E INDUSTRIA LTDA,,,,,,,,
COELHO 30GR,,,,,un,,Patua Comercio Do Chocolate Eirele,,,,,,,,
SNACK CROCANTISSIMO,,,,,un,,CARREFOUR COMERCIO E INDUSTRIA LTDA,,,,,,,,
SNACK INT CROCANTISS,,,,,un,,CARREFOUR COMERCIO E INDUSTRIA LTDA,,,,,,,,
BIBS NEUGEBAUER PASSAS 40G,,,,,un,,COMPANHIA ZAFFARI COMERCIO E INDUSTRIA,,,,,,,,
CX TRUFFAS NEGRAS,,,,,un,,Patua Comercio Do Chocolate Eirele,,,,,,,,
CX BOMBOM 90GR,,,,,un,,Patua Comercio Do Chocolate Eirele,,,,,,,,
BB GAROTO GAROTICES 250G,,,,,un,,COMPANHIA ZAFFARI COMERCIO E INDUSTRIA,,,,,,,,
BB SONHO DE VALSA AO LTE 20G,,,,,un,,COMPANHIA ZAFFARI COMERCIO E INDUSTRIA,,,,,,,,
BB FLORMEL COCO MINI 60G,,,,,un,,COMPANHIA ZAFFARI COMERCIO E INDUSTRIA,,,,,,,,
BB CHARGE 117G,,,,,un,,COMPANHIA ZAFFARI COMERCIO E INDUSTRIA,,,,,,,,
PACOCA ROLHA SANTO ANTONIO 200G POTE,,,,,un,,COMERCIO DE ALIMENTOS ROHENKOHL LTDA,,,,,,,,
PACOCA ROLHA GUIMARA,,,,,un,,CARREFOUR COMERCIO E INDUSTRIA LTDA,,,,,,,,
PACOQUINHA MAIS S,,,,,un,,TIMY INDUSTRIA E COMERCIO DE ALIMENTOS EIRELI,,,,,,,,
TORRONE MINI MONTEVE,,,,,un,,CARREFOUR COMERCIO E INDUSTRIA LTDA,,,,,,,,
PACOCA DACOLONIA C/ACU MASC 210G,,,,,un,,COMPANHIA ZAFFARI COMERCIO E INDUSTRIA,,,,,,,,
PIPOCA MICRO YOKI COB CARAM 160G,,,,,un,,COMPANHIA ZAFFARI COMERCIO E INDUSTRIA,,,,,,,,
PIPOCA MICRO YOKI 100G POP CORN NATURAL,,,,,un,,COMERCIO DE ALIMENTOS ROHENKOHL LTDA,,,,,,,,
PIPOCA BELLA DICA 500G,,,,,un,,COMERCIO DE ALIMENTOS ROHENKOHL LTDA,,,,,,,,
PIPOCA MICRO YOKI 100G POP CORN NATURAL COM SAL,,,,,un,,COMERCIO DE ALIMENTOS ROHENKOHL LTDA,,,,,,,,
PIPOCA MIC MAGR MANT 100%INT90G,,,,,un,,COMPANHIA ZAFFARI COMERCIO E INDUSTRIA,,,,,,,,
MILHO PIPOCA PREMIUM,,,,,un,,CARREFOUR COMERCIO E INDUSTRIA LTDA,,,,,,,,
MILHO PIPOCA 500G,,,,,un,,CARREFOUR COMERCIO E INDUSTRIA LTDA,,,,,,,,
PALITO QUEIJO 220G KROCKS,,,,,un,,COMERCIO DE ALIMENTOS ROHENKOHL LTDA,,,,,,,,
PAPAS FRITAS CARREFO,,,,,un,,CARREFOUR COMERCIO E INDUSTRIA LTDA,,,,,,,,
BATATA PALHA ELMA CH,,,,,un,,CARREFOUR COMERCIO E INDUSTRIA LTDA,,,,,,,,
BATATA PALHA YOKI E,,,,,un,,CARREFOUR COMERCIO E INDUSTRIA LTDA,,,,,,,,
BATATA PALITO MCCAIN P/FORN600G,,,,,un,,COMPANHIA ZAFFARI COMERCIO E INDUSTRIA,,,,,,,,
BATATA PALITO MCCAIN TRAD 720G,,,,,un,,COMPANHIA ZAFFARI COMERCIO E INDUSTRIA,,,,,,,,
BATATA F LAYS CL 96G,,,,,un,,CARREFOUR COMERCIO E INDUSTRIA LTDA,,,,,,,,
BATATA FOLHA LA B,,,,,un,,TIMY INDUSTRIA E COMERCIO DE ALIMENTOS EIRELI,,,,,,,,
BATATA LISA DEUTSCHIPS 225G COM SALMARINHO,,,,,un,,COMERCIO DE ALIMENTOS ROHENKOHL LTDA,,,,,,,,
ELMA CHIPS BATATA 135G LAYS CLASSICA,,,,,un,,COMERCIO DE ALIMENTOS ROHENKOHL LTDA,,,,,,,,
GELATINA PO DR OETKE,,,,,un,,CARREFOUR COMERCIO E INDUSTRIA LTDA,,,,,,,,
SOBREM FLAN NESTLE M,,,,,un,,CARREFOUR COMERCIO E INDUSTRIA LTDA,,,,,,,,
SOBR FLAN C2 200G,,,,,un,,CARREFOUR COMERCIO E INDUSTRIA LTDA,,,,,,,,
SOBR CHAND CHOC LV M,,,,,un,,CARREFOUR COMERCIO E INDUSTRIA LTDA,,,,,,,,
SOBR DANETTE CHOC 36,,,,,un,,CARREFOUR COMERCIO E INDUSTRIA LTDA,,,,,,,,
SOBR FLAN BATAVO BAU,,,,,un,,CARREFOUR COMERCIO E INDUSTRIA LTDA,,,,,,,,
SOBR CREM BATAVO DO,,,,,un,,CARREFOUR COMERCIO E INDUSTRIA LTDA,,,,,,,,
SOB FLA BAT CAR 400G,,,,,un,,CARREFOUR COMERCIO E INDUSTRIA LTDA,,,,,,,,
MOUSSE DE PESSEGO,,,,,un,,VALDEMAR PIOVESAN EIRELI,,,,,,,,
FONDUE TP GORG QUATA,,,,,un,,CARREFOUR COMERCIO E INDUSTRIA LTDA,,,,,,,,
FONDUE PRONTO SUPREM,,,,,un,,CARREFOUR COMERCIO E INDUSTRIA LTDA,,,,,,,,
FONDUE DE QUEIJO QUA,,,,,un,,CARREFOUR COMERCIO E INDUSTRIA LTDA,,,,,,,,
GOMA TRIDENT FRESH INTENS 8G,,,,,un,,COMPANHIA ZAFFARI COMERCIO E INDUSTRIA,,,,,,,,
GOMA TRIDENT HORTELA 8G,,,,,un,,COMPANHIA ZAFFARI COMERCIO E INDUSTRIA,,,,,,,,
"MENTOS 8,5G GOMA",,,,,un,,Supermercados SBS LTDA.,,,,,,,,
BALA DE GOMA DOCIGOMA 700G TUBOSORTIDO,,,,,un,,COMERCIO DE ALIMENTOS ROHENKOHL LTDA,,,,,,,,
BALA PIETROBON 250G BANANA,,,,,un,,COMERCIO DE ALIMENTOS ROHENKOHL LTDA,,,,,,,,
BALAS DIVERSAS,,,,,un,,VALDEMAR PIOVESAN EIRELI,,,,,,,,
PIRULITO UNID,,,,,un,,Supermercados SBS LTDA.,,,,,,,,
SAGU BELLA DICA 500G ,,,,,un,,COMERCIO DE ALIMENTOS ROHENKOHL LTDA,,,,,,,,
NUTRI & WIEDER AVEIA EM FLOCOS 300G,,,,,un,,COMERCIO DE ALIMENTOS ROHENKOHL LTDA,,,,,,,,
AVEIA FLOCOS QUAKER 165G,,,,,un,,COMPANHIA ZAFFARI COMERCIO E INDUSTRIA,,,,,,,,
GRANOLA PREMIUM SALG,,,,,un,,CARREFOUR COMERCIO E INDUSTRIA LTDA,,,,,,,,
GRANOLA M.TERRA FRUTAS&MEL800G,,,,,un,,COMPANHIA ZAFFARI COMERCIO E INDUSTRIA,,,,,,,,
GRANOLA JASMINE C.MALTADO 300G,,,,,un,,COMPANHIA ZAFFARI COMERCIO E INDUSTRIA,,,,,,,,
ARROZ TP1 FIGHERA 5K,,,,,un,,CARREFOUR COMERCIO E INDUSTRIA LTDA,,,,,,,,
ARROZ TP1 NAMORADO 5,,,,,un,,CARREFOUR COMERCIO E INDUSTRIA LTDA,,,,,,,,
ARROZ COZ JAPONESA T,,,,,un,,CARREFOUR COMERCIO E INDUSTRIA LTDA,,,,,,,,
ARROZ TP1 TIO JOAO 1,,,,,un,,CARREFOUR COMERCIO E INDUSTRIA LTDA,,,,,,,,
ARROZ T1 DONA MILU BCO 5KG,,,,,un,,WMS SUPERMERCADOS DO BRASIL LTDA,,,,,,,,
ARROZ DE CONTI TP1 5KG,,,,,un,,COMERCIO DE ALIMENTOS ROHENKOHL LTDA,,,,,,,,
CEREAL MATINAL CHEER,,,,,un,,CARREFOUR COMERCIO E INDUSTRIA LTDA,,,,,,,,
CEREAL ACUC KELLOGGS,,,,,un,,CARREFOUR COMERCIO E INDUSTRIA LTDA,,,,,,,,
CEREAL SUCRILHOS ORI,,,,,un,,CARREFOUR COMERCIO E INDUSTRIA LTDA,,,,,,,,
CEREAL MATINAL MOCA,,,,,un,,CARREFOUR COMERCIO E INDUSTRIA LTDA,,,,,,,,
CEREAL SUCRILHOS 300,,,,,un,,CARREFOUR COMERCIO E INDUSTRIA LTDA,,,,,,,,
CER SUCRILHOS 510G,,,,,un,,CARREFOUR COMERCIO E INDUSTRIA LTDA,,,,,,,,
DUETO SUAVE BONDUELL,,,,,un,,CARREFOUR COMERCIO E INDUSTRIA LTDA,,,,,,,,
MLH HEINZ TRAD 340G,,,,,un,,CARREFOUR COMERCIO E INDUSTRIA LTDA,,,,,,,,
MILHO BONDUELLE 200G,,,,,un,,CARREFOUR COMERCIO E INDUSTRIA LTDA,,,,,,,,
LENTILHA YOKI 500G,,,,,un,,COMERCIO DE ALIMENTOS ROHENKOHL LTDA,,,,,,,,
LENTILHA T1 FRITZEFRIDA 50,,,,,un,,WMS SUPERMERCADOS DO BRASIL LTDA,,,,,,,,
FEIJAO EVERLING 1KG T1 PRETO,,,,,un,,COMERCIO DE ALIMENTOS ROHENKOHL LTDA,,,,,,,,
FEIJAO PRETO TIPO,,,,,un,,COMERCIO DE ALIMENTOS ROHENKOHL LTDA,,,,,,,,
FEIJAO PRETO GRAO GOSTOSO,,,,,un,,WMS SUPERMERCADOS DO BRASIL LTDA,,,,,,,,
ERVILHA NATURAL BOND,,,,,un,,CARREFOUR COMERCIO E INDUSTRIA LTDA,,,,,,,,
ERVI MIL ODE200,,,,,un,,CARREFOUR COMERCIO E INDUSTRIA LTDA,,,,,,,,
AMEND CRFO OVIN 100G,,,,,un,,CARREFOUR COMERCIO E INDUSTRIA LTDA,,,,,,,,
AMENDOIM CRI CRI NUT,,,,,un,,CARREFOUR COMERCIO E INDUSTRIA LTDA,,,,,,,,
CASTANHA DO PARA GRANEL,,,,,kg,,COMPANHIA ZAFFARI COMERCIO E INDUSTRIA,,,,,,,,
CASTANHA DO PARA,,,,,un,,TIMY INDUSTRIA E COMERCIO DE ALIMENTOS EIRELI,,,,,,,,
COPA GAVAZZONI DE,,,,,kg,,TIMY INDUSTRIA E COMERCIO DE ALIMENTOS EIRELI,,,,,,,,
COPA FATIADA KG,,,,,kg,,TIMY INDUSTRIA E COMERCIO DE ALIMENTOS EIRELI,,,,,,,,
PRESUNTO COZ SEARA,,,,,kg,,CARREFOUR COMERCIO E INDUSTRIA LTDA,,,,,,,,
PRESUNTO COZ MAGRO LEBON AT,,,,,kg,,COMPANHIA ZAFFARI COMERCIO E INDUSTRIA,,,,,,,,
PRESUNTO COZ MAGRO SADIA AT,,,,,kg,,COMPANHIA ZAFFARI COMERCIO E INDUSTRIA,,,,,,,,
PRESUNTO COZ MAGRO S,,,,,kg,,CARREFOUR COMERCIO E INDUSTRIA LTDA,,,,,,,,
PRESUNTO COZIDO MAGR,,,,,kg,,CARREFOUR COMERCIO E INDUSTRIA LTDA,,,,,,,,
PRESUNTO SADIA CO,,,,,kg,,TIMY INDUSTRIA E COMERCIO DE ALIMENTOS EIRELI,,,,,,,,
PRES MAGRO PERDIGAO,,,,,kg,,CARREFOUR COMERCIO E INDUSTRIA LTDA,,,,,,,,
PRES LEBON FAT 180g,,,,,un,,UNIDASUL DISTRIBUIDORA ALIMENTICIA S/A,,,,,,,,
PERNIL PURURUCA KG,,,,,kg,,CARREFOUR COMERCIO E INDUSTRIA LTDA,,,,,,,,
COSTELA PA MINGA INT,,,,,kg,,CARREFOUR COMERCIO E INDUSTRIA LTDA,,,,,,,,
PEITO GRANITO S/OSSO EF,,,,,kg,,COMPANHIA ZAFFARI COMERCIO E INDUSTRIA,,,,,,,,
FRALDINHA MONTANA EF,,,,,kg,,COMPANHIA ZAFFARI COMERCIO E INDUSTRIA,,,,,,,,
FRALDINHA BOVINA,,,,,kg,,SUPERMERCADO FORLIN EIRELI,,,,,,,,
ACEM S/OSSO EF,,,,,kg,,COMPANHIA ZAFFARI COMERCIO E INDUSTRIA,,,,,,,,
SADIA FILE SASSAMI,,,,,un,,SUPERMERCADO BELTRAME LTDA,,,,,,,,
FILE DE PEITO CHE,,,,,kg,,Supermercado JGZ LTDA,,,,,,,,
FILE MERLUZA MERC C,,,,,un,,CARREFOUR COMERCIO E INDUSTRIA LTDA,,,,,,,,
FILE TILAPIA GENESEAS CG 450G,,,,,un,,COMPANHIA ZAFFARI COMERCIO E INDUSTRIA,,,,,,,,
LINGUICA SUINA GRANBERG RESF,,,,,kg,,COMPANHIA ZAFFARI COMERCIO E INDUSTRIA,,,,,,,,
LINGUICA FRANGOSUL 800G CHURRASCO,,,,,un,,COMERCIO DE ALIMENTOS ROHENKOHL LTDA,,,,,,,,
LINGUICA CALAB SEARA,,,,,kg,,CARREFOUR COMERCIO E INDUSTRIA LTDA,,,,,,,,
LINGUICA COLONIAL,,,,,kg,,TIMY INDUSTRIA E COMERCIO DE ALIMENTOS EIRELI,,,,,,,,
LING TOSCANA GRANBERG APERRESF,,,,,kg,,COMPANHIA ZAFFARI COMERCIO E INDUSTRIA,,,,,,,,
SALSICHAO ESPECIA,,,,,kg,,Sacolao DP Sao Jose LTDA,,,,,,,,
SALSICHAO BORRUSSIA,,,,,kg,,SUPERMERCADO FORLIN EIRELI,,,,,,,,
SALSICHAO MISTO CASEIRO,,,,,kg,,SUPER KOSCHECK,,,,,,,,
SALSICHAO CASEIRO,,,,,kg,,SUPER KOSCHECK,,,,,,,,
SALSICHAO CASEIRO KG,,,,,kg,,COMERCIO DE ALIMENTOS ROHENKOHL LTDA,,,,,,,,
SALS H DOG PERDIG 50,,,,,un,,CARREFOUR COMERCIO E INDUSTRIA LTDA,,,,,,,,
SALSICHA HOT DOG 400,,,,,un,,CARREFOUR COMERCIO E INDUSTRIA LTDA,,,,,,,,
SALSICHA HOT DOG PER,,,,,un,,CARREFOUR COMERCIO E INDUSTRIA LTDA,,,,,,,,
MORT BOLONHA OURO KG,,,,,kg,,CARREFOUR COMERCIO E INDUSTRIA LTDA,,,,,,,,
MORT DEFUMADA SADIA AT,,,,,kg,,COMPANHIA ZAFFARI COMERCIO E INDUSTRIA,,,,,,,,
MORTADELA DEFUMADA SADIA AT 0,,,,,kg,,COMPANHIA ZAFFARI COMERCIO E INDUSTRIA,,,,,,,,
MORTADELA DEFUMADA SADIA AT,,,,,kg,,COMPANHIA ZAFFARI COMERCIO E INDUSTRIA,,,,,,,,
P PERU SEARA DEF KG,,,,,kg,,CARREFOUR COMERCIO E INDUSTRIA LTDA,,,,,,,,
PEITO PERU SEARA DEF AT,,,,,kg,,COMPANHIA ZAFFARI COMERCIO E INDUSTRIA,,,,,,,,
PEITO DE CHESTER,,,,,kg,,TIMY INDUSTRIA E COMERCIO DE ALIMENTOS EIRELI,,,,,,,,
BANDA DE TAMBAQUI AS,,,,,kg,,CARREFOUR COMERCIO E INDUSTRIA LTDA,,,,,,,,
LOMBO BACALHAU DES M,,,,,un,,CARREFOUR COMERCIO E INDUSTRIA LTDA,,,,,,,,
CAMARAO S C CZ CONG,,,,,un,,CARREFOUR COMERCIO E INDUSTRIA LTDA,,,,,,,,
SALAME MILANO MAJESTADE,,,,,kg,,Sgorla Com. Ind. Alimentos Ltda,,,,,,,,
SALAME MILANO FAT,,,,,kg,,TIMY INDUSTRIA E COMERCIO DE ALIMENTOS EIRELI,,,,,,,,
SALAME FATIADO,,,,,kg,,Distribuidora de Queijos Sgorla.,,,,,,,,
SALAME COLONIAL,,,,,kg,,SUPER KOSCHECK,,,,,,,,
SALAME COLONIAL T,,,,,kg,,TIMY INDUSTRIA E COMERCIO DE ALIMENTOS EIRELI,,,,,,,,
SALAME NOBREZA KG,,,,,kg,,CARREFOUR COMERCIO E INDUSTRIA LTDA,,,,,,,,
"SALAME GRANBERG TRAD COLONIAL AS
",,,,,kg,,COMPANHIA ZAFFARI COMERCIO E INDUSTRIA,,,,,,,,
SALAME GRANBERG TRAD COLONIALAS,,,,,kg,,COMPANHIA ZAFFARI COMERCIO E INDUSTRIA,,,,,,,,
SALAME STA CLARA MILANO KG,,,,,kg,,CARREFOUR COMERCIO E INDUSTRIA LTDA,,,,,,,,
GRANBERG SALAME,,,,,kg,,Supermercados SBS LTDA.,,,,,,,,
VAZIO DE PRIMEIRA,,,,,kg,,Sacolao DP Sao Jose LTDA,,,,,,,,
VAZIO BOVINO,,,,,kg,,SUPERMERCADO FORLIN EIRELI,,,,,,,,
BOV ANGUS TATU KG,,,,,kg,,CARREFOUR COMERCIO E INDUSTRIA LTDA,,,,,,,,
SARDINHA GOMES COSTA,,,,,un,,CARREFOUR COMERCIO E INDUSTRIA LTDA,,,,,,,,
SARDINHA G.COSTA OLEO 125G,,,,,un,,COMPANHIA ZAFFARI COMERCIO E INDUSTRIA,,,,,,,,
CHAPEU BISPO(MAMINHA),,,,,kg,,SUPERMERCADO FORLIN EIRELI,,,,,,,,
CARNE DE GADO COSTELA 1,,,,,kg,,SUPER KOSCHECK,,,,,,,,
CARNE DE PORCO COSTELA,,,,,kg,,SUPER KOSCHECK,,,,,,,,
COSTELA DE PRIMEI,,,,,kg,,Sacolao DP Sao Jose LTDA,,,,,,,,
COSTELA RIPA BOVINA,,,,,kg,,SUPERMERCADO FORLIN EIRELI,,,,,,,,
SHORT RIB ANGUS AO KG,,,,,kg,,SUPERMERCADO FORLIN EIRELI,,,,,,,,
ALCATRA,,,,,kg,,Sacolao DP Sao Jose LTDA,,,,,,,,
ALCATRA BOVINO,,,,,kg,,SUPERMERCADO FORLIN EIRELI,,,,,,,,
ALCATRA BOVINA RESF PEDACO,,,,,kg,,COMPANHIA ZAFFARI COMERCIO E INDUSTRIA,,,,,,,,
CARNE BOVINA BIFE,,,,,kg,,COMERCIO DE ALIMENTOS ROHENKOHL LTDA,,,,,,,,
BIFE PATINHO ZAFFARI NOV ATM,,,,,kg,,COMPANHIA ZAFFARI COMERCIO E INDUSTRIA,,,,,,,,
COX FRG CONG ZP,,,,,kg,,CARREFOUR COMERCIO E INDUSTRIA LTDA,,,,,,,,
COXA C/SOBRECOXA LAR CONG,,,,,kg,,WMS SUPERMERCADOS DO BRASIL LTDA,,,,,,,,
COXINHA DA ASA SADIA,,,,,un,,CARREFOUR COMERCIO E INDUSTRIA LTDA,,,,,,,,
COXINHA ASA FGO CONG,,,,,kg,,CARREFOUR COMERCIO E INDUSTRIA LTDA,,,,,,,,
CX FGO SADIA CONG 1K,,,,,kg,,CARREFOUR COMERCIO E INDUSTRIA LTDA,,,,,,,,
CARNE BOVINA MOIDA,,,,,kg,,COMERCIO DE ALIMENTOS ROHENKOHL LTDA,,,,,,,,
QJO DE PORCO KG,,,,,kg,,Distribuidora de Queijos Sgorla,,,,,,,,
BACON DEFUMADO PED K,,,,,kg,,CARREFOUR COMERCIO E INDUSTRIA LTDA,,,,,,,,
BACON DEF SADIA,,,,,kg,,CARREFOUR COMERCIO E INDUSTRIA LTDA,,,,,,,,
OVOS BRANCOS BAMP,,,,,un,,Supermercado JGZ LTDA,,,,,,,,
OVO BCO GDE PVC NIENOW 2.5,,,,,un,,WMS SUPERMERCADOS DO BRASIL LTDA,,,,,,,,
OVO EXTRA VR BDJ C20,,,,,un,,CARREFOUR COMERCIO E INDUSTRIA LTDA,,,,,,,,
TOFU SAMURAI NATURAL ORG 300G,,,,,un,,COMPANHIA ZAFFARI COMERCIO E INDUSTRIA,,,,,,,,
,,,,,,,,,,,,,,,
,,,,,,,,,,,,,,,
FRANGO ASSADO CASEIR,,,,,kg,,CARREFOUR COMERCIO E INDUSTRIA LTDA,,,,,,,,
,,,,,,,,,,,,,,,
,,,,,,,,,,,,,,,
,,,,,,,,,,,,,,,
,,,,,,,,,,,,,,,
SABON MARAN SVE PESS 90G/8,,,,,un,,WMS SUPERMERCADOS DO BRASIL LTDA,,,,,,,,
SABON MARAN SVE ROSAS 90G/,,,,,un,,WMS SUPERMERCADOS DO BRASIL LTDA,,,,,,,,
SABON MARAN SVE E-DOCE 90G,,,,,un,,WMS SUPERMERCADOS DO BRASIL LTDA,,,,,,,,
SABON MARAN SVE AMENDOA 90,,,,,un,,WMS SUPERMERCADOS DO BRASIL LTDA,,,,,,,,
SABONETE LIQ.FARNESE 365ML FLOR DE CEREJEIRA,,,,,un,,COMERCIO DE ALIMENTOS ROHENKOHL LTDA,,,,,,,,
SABAO PO TIXAN YPE 3KG MACIEZ SACHE,,,,,un,,COMERCIO DE ALIMENTOS ROHENKOHL LTDA,,,,,,,,
SABAO BARRA GIRANDO SOL 400G TRADICIONAL,,,,,un,,COMERCIO DE ALIMENTOS ROHENKOHL LTDA,,,,,,,,
SABAO BARRA GIRANDO SOL 400G COCO,,,,,un,,COMERCIO DE ALIMENTOS ROHENKOHL LTDA,,,,,,,,
SAB FIORUCCI SUAV CERSACHE440ML,,,,,un,,COMPANHIA ZAFFARI COMERCIO E INDUSTRIA,,,,,,,,
SAPOLIO CREM RADIUM,,,,,un,,CARREFOUR COMERCIO E INDUSTRIA LTDA,,,,,,,,
DESENGORDURANTE YPE MULTIUSO 500ML CLASSICO+50ML GRATIS,,,,,un,,COMERCIO DE ALIMENTOS ROHENKOHL LTDA,,,,,,,,
DESINF AERO LYSOL LI,,,,,un,,CARREFOUR COMERCIO E INDUSTRIA LTDA,,,,,,,,
DESINFETANTE BRILHA SUL 2L FLORAL,,,,,un,,COMERCIO DE ALIMENTOS ROHENKOHL LTDA,,,,,,,,
DESINFETANTE BRILHA SUL 2L PINHO,,,,,un,,COMERCIO DE ALIMENTOS ROHENKOHL LTDA,,,,,,,,
TIRA MANCHAS VANISH,,,,,un,,CARREFOUR COMERCIO E INDUSTRIA LTDA,,,,,,,,
TIRA MANCHAS BRILHAN,,,,,un,,CARREFOUR COMERCIO E INDUSTRIA LTDA,,,,,,,,
TIRA MANCHA GEL VANI,,,,,un,,CARREFOUR COMERCIO E INDUSTRIA LTDA,,,,,,,,
TIRA MANCHAS PO VANI,,,,,un,,CARREFOUR COMERCIO E INDUSTRIA LTDA,,,,,,,,
DES AERO REXONA S.PERFUME 150ML,,,,,un,,COMPANHIA ZAFFARI COMERCIO E INDUSTRIA,,,,,,,,
DES REXONA S/PERFUME 50ML ,,,,,un,,COMPANHIA ZAFFARI COMERCIO E INDUSTRIA,,,,,,,,
DESOD AERO FEM DOVE,,,,,un,,COMPANHIA ZAFFARI COMERCIO E INDUSTRIA,,,,,,,,
DESOD SPRAY NIVEA ME,,,,,un,,CARREFOUR COMERCIO E INDUSTRIA LTDA,,,,,,,,
DESOD AERO NIVEA FEM,,,,,un,,CARREFOUR COMERCIO E INDUSTRIA LTDA,,,,,,,,
DESOD AERO FEM NIVEA,,,,,un,,CARREFOUR COMERCIO E INDUSTRIA LTDA,,,,,,,,
CANETA BORRACHA MOLI,,,,,un,,CARREFOUR COMERCIO E INDUSTRIA LTDA,,,,,,,,
TESOURA ESCOLAR LYKE,,,,,un,,CARREFOUR COMERCIO E INDUSTRIA LTDA,,,,,,,,
CR BARBA NIVEA SENSITIV 2EM1 65G,,,,,un,,COMPANHIA ZAFFARI COMERCIO E INDUSTRIA,,,,,,,,
CRM DENT COLGATE TOT,,,,,un,,CARREFOUR COMERCIO E INDUSTRIA LTDA,,,,,,,,
CR D COLGATE T12 MINT 90G C/3,,,,,un,,"COMPANHIA ZAFFARI COMERCIO E INDUSTRIA
",,,,,,,,
CR DENT SORRISO DE BCOPROM,,,,,un,,WMS SUPERMERCADOS DO BRASIL LTDA,,,,,,,,
CRM DENTAL SENSODYNE,,,,,un,,CARREFOUR COMERCIO E INDUSTRIA LTDA,,,,,,,,
CR DENT ORAL B EXTRA BRANCO 70g,,,,,un,,UNIDASUL DISTRIBUIDORA ALIMENTICIA S/A,,,,,,,,
KI ORAL B E C D 75ML,,,,,un,,CARREFOUR COMERCIO E INDUSTRIA LTDA,,,,,,,,
LAMP LED TASCH 803LM BR 9W,,,,,un,,COMPANHIA ZAFFARI COMERCIO E INDUSTRIA,,,,,,,,
LIMP BA S CL G 500ML,,,,,un,,CARREFOUR COMERCIO E INDUSTRIA LTDA,,,,,,,,
LIMP CIF LAR 250ML,,,,,un,,CARREFOUR COMERCIO E INDUSTRIA LTDA,,,,,,,,
AGUA SANIT GIRANDO S,,,,,un,,CARREFOUR COMERCIO E INDUSTRIA LTDA,,,,,,,,
DET PO ULTRA CLASS SACH 1K,,,,,un,,WMS SUPERMERCADOS DO BRASIL LTDA,,,,,,,,
DET LIQ GIRAND-SOL NEUTR 5,,,,,un,,WMS SUPERMERCADOS DO BRASIL LTDA,,,,,,,,
DETERG LIQ YPE CAPIM,,,,,un,,CARREFOUR COMERCIO E INDUSTRIA LTDA,,,,,,,,
DETERG YPE 500M,,,,,un,,SUPERMERCADO BELTRAME LTDA,,,,,,,,
DETERGENTE YPE 500ML MACA,,,,,un,,COMERCIO DE ALIMENTOS ROHENKOHL LTDA,,,,,,,,
DETERGENTE YPE 500ML CAPIM LIMAO,,,,,un,,COMERCIO DE ALIMENTOS ROHENKOHL LTDA,,,,,,,,
DETERG LIQ YPE CLEAR,,,,,un,,CARREFOUR COMERCIO E INDUSTRIA LTDA,,,,,,,,
DETERG YPE CL 500M,,,,,un,,CARREFOUR COMERCIO E INDUSTRIA LTDA,,,,,,,,
DETERG YPE 500ML,,,,,un,,CARREFOUR COMERCIO E INDUSTRIA LTDA,,,,,,,,
DET YPE 500ML,,,,,un,,CARREFOUR COMERCIO E INDUSTRIA LTDA,,,,,,,,
LAVA ROUP LIQ OMO PR,,,,,un,,CARREFOUR COMERCIO E INDUSTRIA LTDA,,,,,,,,
LAVA ROUPA PO OMO SA,,,,,un,,CARREFOUR COMERCIO E INDUSTRIA LTDA,,,,,,,,
ALV VANISH S CLORO 1,,,,,un,,CARREFOUR COMERCIO E INDUSTRIA LTDA,,,,,,,,
LAV LOUCA YPE CLEAR 500ML,,,,,un,,COMPANHIA ZAFFARI COMERCIO E INDUSTRIA,,,,,,,,
AMACIANTE AMACITEL LUXO 2L TOQUE DE POESIA,,,,,un,,COMERCIO DE ALIMENTOS ROHENKOHL LTDA,,,,,,,,
AMACIANTE GIRANDO SOL 2L FLORALAZUL,,,,,un,,COMERCIO DE ALIMENTOS ROHENKOHL LTDA,,,,,,,,
AMAC GIRANDOSOL TALCO DELICAD2L,,,,,un,,COMPANHIA ZAFFARI COMERCIO E INDUSTRIA,,,,,,,,
,,,,,,,,,,,,,,,
AMAC CONC COMFORT CU,,,,,un,,CARREFOUR COMERCIO E INDUSTRIA LTDA,,,,,,,,
AMAC CONC COMFORT,,,,,un,,CARREFOUR COMERCIO E INDUSTRIA LTDA,,,,,,,,
AMAC COMFORT EXPLOSAO AZUL 3L,,,,,un,,COMPANHIA ZAFFARI COMERCIO E INDUSTRIA,,,,,,,,
AMAC CONC GIRANDO SO,,,,,un,,CARREFOUR COMERCIO E INDUSTRIA LTDA,,,,,,,,
LAVA ROUPA GIRANDO SOL 1KG ROSA FLORA,,,,,un,,COMERCIO DE ALIMENTOS ROHENKOHL LTDA,,,,,,,,
"GUARDANAPO DE PAPEL MILI 30X29,5CM 50UN",,,,,un,,COMERCIO DE ALIMENTOS ROHENKOHL LTDA,,,,,,,,
GUARD FS CRF 50UN 21,,,,,un,,CARREFOUR COMERCIO E INDUSTRIA LTDA,,,,,,,,
GUARD KITCHE,,,,,un,,CARREFOUR COMERCIO E INDUSTRIA LTDA,,,,,,,,
"GUARD KITCHEN 22,7X22,8CM C/50",,,,,un,,COMPANHIA ZAFFARI COMERCIO E INDUSTRIA,,,,,,,,
TOAL PAP MONDEO FD 50F 2UN,,,,,un,,WMS SUPERMERCADOS DO BRASIL LTDA,,,,,,,,
PAPEL TOALHA KITCHEN,,,,,un,,CARREFOUR COMERCIO E INDUSTRIA LTDA,,,,,,,,
PAP TOALHA CRFO 2UN,,,,,un,,CARREFOUR COMERCIO E INDUSTRIA LTDA,,,,,,,,
P TOALH KIT L360P330,,,,,un,,CARREFOUR COMERCIO E INDUSTRIA LTDA,,,,,,,,
P-HIG FD PLUSH 20M 24UN,,,,,un,,WMS SUPERMERCADOS DO BRASIL LTDA,,,,,,,,
PAPEL HIG FD NEVE TO,,,,,un,,CARREFOUR COMERCIO E INDUSTRIA LTDA,,,,,,,,
PAPEL HIGIENICO B,,,,,un,,Supermercado JGZ LTDA,,,,,,,,
PAPEL HIG.FINOPEL 60M 12UN NEUTRO,,,,,un,,COMERCIO DE ALIMENTOS ROHENKOHL LTDA,,,,,,,,
PAPEL HIG FD ELITE,,,,,un,,CARREFOUR COMERCIO E INDUSTRIA LTDA,,,,,,,,
P H DOBLE DUPL 16X30M L+P-,,,,,un,,COMPANHIA ZAFFARI COMERCIO E INDUSTRIA,,,,,,,,
LENCO PAPEL KLEENEX,,,,,un,,COMPANHIA ZAFFARI COMERCIO E INDUSTRIA,,,,,,,,
LENCO UMED JOHNSONS,,,,,un,,COMPANHIA ZAFFARI COMERCIO E INDUSTRIA,,,,,,,,
LENCOS UMEDECIDOS ANJINHO 300UNAZUL REFIL,,,,,un,,COMERCIO DE ALIMENTOS ROHENKOHL LTDA,,,,,,,,
LENCO BOLSO KLEENEX DIA 10FL4P3,,,,,un,,COMPANHIA ZAFFARI COMERCIO E INDUSTRIA,,,,,,,,
LENCO BOLSO KLEENEX DIA 10F L4P3,,,,,un,,COMPANHIA ZAFFARI COMERCIO E INDUSTRIA,,,,,,,,
FILTRO PAPEL GDE 103,,,,,un,,CARREFOUR COMERCIO E INDUSTRIA LTDA,,,,,,,,
FILTRO DE PAPEL 3 CO,,,,,un,,CARREFOUR COMERCIO E INDUSTRIA LTDA,,,,,,,,
AGUA SANITARIA GIRANDO SOL 2L,,,,,un,,COMERCIO DE ALIMENTOS ROHENKOHL LTDA,,,,,,,,
AGUA SANITARIA QBOA 2L,,,,,un,,COMPANHIA ZAFFARI COMERCIO E INDUSTRIA,,,,,,,,
ALCOOL SOLID LUMIX 170G C/8 PAST,,,,,un,,COMPANHIA ZAFFARI COMERCIO E INDUSTRIA,,,,,,,,
ALCOOL GEL MAO LYSO,,,,,un,,CARREFOUR COMERCIO E INDUSTRIA LTDA,,,,,,,,
INSETICIDA MAT INSET 300ML OLEO DE CITRONELA GRATIS 33%,,,,,un,,COMERCIO DE ALIMENTOS ROHENKOHL LTDA,,,,,,,,
ESC DENT INF COLGATE,,,,,un,,CARREFOUR COMERCIO E INDUSTRIA LTDA,,,,,,,,
ESC DENT COLG CLASSIC MAC,,,,,un,,WMS SUPERMERCADOS DO BRASIL LTDA,,,,,,,,
TARRACHA PARA MURAL,,,,,un,,CARREFOUR COMERCIO E INDUSTRIA LTDA,,,,,,,,
ESPOMJA LIMPPANO,,,,,un,,SUPERMERCADO BELTRAME LTDA,,,,,,,,
ESPONJA M USO ALKLIN 1UN,,,,,un,,WMS SUPERMERCADOS DO BRASIL LTDA,,,,,,,,
ESPONJA MAGICA REAX,,,,,un,,CARREFOUR COMERCIO E INDUSTRIA LTDA,,,,,,,,
ESPONJA MAGICA TEKBO,,,,,un,,CARREFOUR COMERCIO E INDUSTRIA LTDA,,,,,,,,
ESP ESFREBOM MULTIUSO L4P3,,,,,un,,COMPANHIA ZAFFARI COMERCIO E INDUSTRIA,,,,,,,,
LA ACO BOMBRIL 8UN,,,,,un,,CARREFOUR COMERCIO E INDUSTRIA LTDA,,,,,,,,
GEL ASSEPSIA MAOS CO,,,,,un,,CARREFOUR COMERCIO E INDUSTRIA LTDA,,,,,,,,
ALGODAO BOLA CARREFO,,,,,un,,CARREFOUR COMERCIO E INDUSTRIA LTDA,,,,,,,,
ALGODAO DISCO CARREF,,,,,un,,CARREFOUR COMERCIO E INDUSTRIA LTDA,,,,,,,,
ALGODAO HIDROFILO CA,,,,,un,,CARREFOUR COMERCIO E INDUSTRIA LTDA,,,,,,,,
ALCOOL LIQ BACT CARR,,,,,un,,CARREFOUR COMERCIO E INDUSTRIA LTDA,,,,,,,,
ALCOOL LIQ CARREFOUR,,,,,un,,CARREFOUR COMERCIO E INDUSTRIA LTDA,,,,,,,,
ALCOOL LIQ COPERALCO,,,,,un,,CARREFOUR COMERCIO E INDUSTRIA LTDA,,,,,,,,
FILME PVC CRF 15 CM,,,,,un,,CARREFOUR COMERCIO E INDUSTRIA LTDA,,,,,,,,
SH TIO NACHO ANTI ID,,,,,un,,CARREFOUR COMERCIO E INDUSTRIA LTDA,,,,,,,,
PANTUFA MRV C19LH239,,,,,un,,CARREFOUR COMERCIO E INDUSTRIA LTDA,,,,,,,,
PANTUFA MASC PIPOCA,,,,,un,,CARREFOUR COMERCIO E INDUSTRIA LTDA,,,,,,,,
PANTUFA INFO SAP MI,,,,,un,,CARREFOUR COMERCIO E INDUSTRIA LTDA,,,,,,,,
PANTUFA DSN FROZEN C,,,,,un,,CARREFOUR COMERCIO E INDUSTRIA LTDA,,,,,,,,
NECESSAIRE MALETA,,,,,un,,CARREFOUR COMERCIO E INDUSTRIA LTDA,,,,,,,,
CABO TYPE C MULTILAS,,,,,un,,CARREFOUR COMERCIO E INDUSTRIA LTDA,,,,,,,,
GARRAFA VIDRO DECANT,,,,,un,,CARREFOUR COMERCIO E INDUSTRIA LTDA,,,,,,,,
COQUETEL SUCULENTAS,,,,,un,,CARREFOUR COMERCIO E INDUSTRIA LTDA,,,,,,,,
SUCULENTA NO CACHEPO,,,,,un,,CARREFOUR COMERCIO E INDUSTRIA LTDA,,,,,,,,
FACA DO CHEF RVKB,,,,,un,,CARREFOUR COMERCIO E INDUSTRIA LTDA,,,,,,,,
SELOZOK 50MG 30COMP,,,,,un,,CARREFOUR COMERCIO E INDUSTRIA LTDA,,,,,,,,
ESC OVAL 115,,,,,un,,CARREFOUR COMERCIO E INDUSTRIA LTDA,,,,,,,,
ESC VARREMESA 260,,,,,un,,CARREFOUR COMERCIO E INDUSTRIA LTDA,,,,,,,,
GEL DENT COLGATE NAT,,,,,un,,CARREFOUR COMERCIO E INDUSTRIA LTDA,,,,,,,,
HIDRAT NIVEA BODY DE,,,,,un,,CARREFOUR COMERCIO E INDUSTRIA LTDA,,,,,,,,
HIDRAT NIVEA BODY MI,,,,,un,,CARREFOUR COMERCIO E INDUSTRIA LTDA,,,,,,,,
,,,,,,,,,,,,,,,
FIO DENTAL JOHNSON E,,,,,un,,CARREFOUR COMERCIO E INDUSTRIA LTDA,,,,,,,,
GANCHO AMBAR TEKBOND,,,,,un,,CARREFOUR COMERCIO E INDUSTRIA LTDA,,,,,,,,
KEEP COOLER CLASSIC,,,,,un,,CARREFOUR COMERCIO E INDUSTRIA LTDA,,,,,,,,
SACOLA MACROPL MAXXI 50X60,,,,,un,,WMS SUPERMERCADOS DO BRASIL LTDA,,,,,,,,
CADEIRA DE ESCR GAME,,,,,un,,CARREFOUR COMERCIO E INDUSTRIA LTDA,,,,,,,,
CURATIVO BAND AID TR,,,,,un,,CARREFOUR COMERCIO E INDUSTRIA LTDA,,,,,,,,
SAN HAV TREND CZ/PR 9481 39/40,,,,,un,,COMPANHIA ZAFFARI COMERCIO E INDUSTRIA,,,,,,,,
TACA VINHO BRANCO,,,,,un,,BENEVENTO CHOCOLATE E CAFE COMERCIO DE ALIMENTOS LTDA,,,,,,,,
EMBALAGEM PAPELAO,,,,,un,,TIMY INDUSTRIA E COMERCIO DE ALIMENTOS EIRELI,,,,,,,,
,,,,,,,,,,,,,,,
,,,,,,,,,,,,,,,
,,,,,,,,,,,,,,,
,,,,,,,,,,,,,,,
LEITE SANTA CLARA,,,,,un,,Supermercado JGZ LTDA,,,,,,,,
LEITE LV PIA 1LT,,,,,un,,SUPERMERCADO BELTRAME LTDA,,,,,,,,
LEITE PIA INTEGRA,,,,,un,,Supermercado JGZ LTDA,,,,,,,,
LEITE PIA ZERO LA,,,,,un,,Supermercado JGZ LTDA,,,,,,,,
LEITE UHT 1L LANGUIRU INTEGRAL TAMPA ROSCA,,,,,un,,COMERCIO DE ALIMENTOS ROHENKOHL LTDA,,,,,,,,
LEIT UHT LANG INT 1L,,,,,un,,CARREFOUR COMERCIO E INDUSTRIA LTDA,,,,,,,,
LEIT UHT LANG DES 1L,,,,,un,,CARREFOUR COMERCIO E INDUSTRIA LTDA,,,,,,,,
LEITE UHT INT LATVID,,,,,un,,CARREFOUR COMERCIO E INDUSTRIA LTDA,,,,,,,,
LEITE UHT INT TIROL,,,,,un,,CARREFOUR COMERCIO E INDUSTRIA LTDA,,,,,,,,
LEITE L VIDA PIA INT,,,,,un,,CARREFOUR COMERCIO E INDUSTRIA LTDA,,,,,,,,
LEITE L VIDA PIRACAN,,,,,un,,CARREFOUR COMERCIO E INDUSTRIA LTDA,,,,,,,,
LEITE COND ELEGE UHT,,,,,un,,CARREFOUR COMERCIO E INDUSTRIA LTDA,,,,,,,,
LEITE COND CARREFOUR,,,,,un,,CARREFOUR COMERCIO E INDUSTRIA LTDA,,,,,,,,
LEITE UHT 1L ELEGE DESNATADO,,,,,un,,COMERCIO DE ALIMENTOS ROHENKOHL LTDA,,,,,,,,
LTE FERM VIGOR MINIO,,,,,un,,CARREFOUR COMERCIO E INDUSTRIA LTDA,,,,,,,,
IOGURTE PIA CREMO,,,,,un,,Supermercado JGZ LTDA,,,,,,,,
"IOGURTE BATAVO 1,150KG PENSE ZEROMORANGO",,,,,un,,COMERCIO DE ALIMENTOS ROHENKOHL LTDA,,,,,,,,
IOG POLPA NESTON 2 C,,,,,un,,CARREFOUR COMERCIO E INDUSTRIA LTDA,,,,,,,,
IOG POLPA NINHO MORA,,,,,un,,CARREFOUR COMERCIO E INDUSTRIA LTDA,,,,,,,,
IOG SOB PED BATAVO D,,,,,un,,CARREFOUR COMERCIO E INDUSTRIA LTDA,,,,,,,,
IOG LIQ DANO MO 100G,,,,,un,,CARREFOUR COMERCIO E INDUSTRIA LTDA,,,,,,,,
IOG LIQ DANONINHO BE,,,,,un,,CARREFOUR COMERCIO E INDUSTRIA LTDA,,,,,,,,
IOG LIQ NESTLE VIT,,,,,un,,CARREFOUR COMERCIO E INDUSTRIA LTDA,,,,,,,,
IOG LIQ NESTLE MOR 1,,,,,un,,CARREFOUR COMERCIO E INDUSTRIA LTDA,,,,,,,,
IOG SOBREM PED FRUTA,,,,,un,,CARREFOUR COMERCIO E INDUSTRIA LTDA,,,,,,,,
IOGURTE GREGO DANONE,,,,,un,,CARREFOUR COMERCIO E INDUSTRIA LTDA,,,,,,,,
IOG GRE DANONE CHOC,,,,,un,,CARREFOUR COMERCIO E INDUSTRIA LTDA,,,,,,,,
IOG POLP CRFO COCO 1,,,,,un,,CARREFOUR COMERCIO E INDUSTRIA LTDA,,,,,,,,
IOG POLP CRFO MOR 16,,,,,un,,CARREFOUR COMERCIO E INDUSTRIA LTDA,,,,,,,,
IOG PIA CREM ABACATE 800G,,,,,un,,COMPANHIA ZAFFARI COMERCIO E INDUSTRIA,,,,,,,,
IOG PIA CREM NAT 800G,,,,,un,,COMPANHIA ZAFFARI COMERCIO E INDUSTRIA,,,,,,,,
IOG PIA CREM MEL 800G,,,,,un,,COMPANHIA ZAFFARI COMERCIO E INDUSTRIA,,,,,,,,
IOG PIA CREM MGO 720G,,,,,un,,COMPANHIA ZAFFARI COMERCIO E INDUSTRIA,,,,,,,,
DOCE DE LEITE MIRIAM 30G,,,,,un,,COMERCIO DE ALIMENTOS ROHENKOHL LTDA,,,,,,,,
DOCE DE LEITE MAI,,,,,un,,TIMY INDUSTRIA E COMERCIO DE ALIMENTOS EIRELI,,,,,,,,
ACTIVIA AMEIXA 1KG,,,,,un,,COMPANHIA ZAFFARI COMERCIO E INDUSTRIA,,,,,,,,
DANONE KIDS POLPA BA,,,,,un,,CARREFOUR COMERCIO E INDUSTRIA LTDA,,,,,,,,
MANTEIGA ELEGE,,,,,un,,SUPERMERCADO BELTRAME LTDA,,,,,,,,
MANTEIGA ELEGE EXTRA,,,,,un,,CARREFOUR COMERCIO E INDUSTRIA LTDA,,,,,,,,
MANT ELEGE EXTRA C/SAL 200G ,,,,,un,,COMPANHIA ZAFFARI COMERCIO E INDUSTRIA,,,,,,,,
MANTEIGA C SAL PRESI,,,,,un,,CARREFOUR COMERCIO E INDUSTRIA LTDA,,,,,,,,
MANTEIGA EXTRA S SAL,,,,,un,,CARREFOUR COMERCIO E INDUSTRIA LTDA,,,,,,,,
MANT CONAPROLE EXTRA C/SAL200G,,,,,un,,COMPANHIA ZAFFARI COMERCIO E INDUSTRIA,,,,,,,,
MANT AVIACAO EXTRA C/SAL 200G,,,,,un,,COMPANHIA ZAFFARI COMERCIO E INDUSTRIA,,,,,,,,
MANT PRESIDENT C/SAL 200G,,,,,un,,COMPANHIA ZAFFARI COMERCIO E INDUSTRIA,,,,,,,,
CREME LEITE CCGL LEV,,,,,un,,CARREFOUR COMERCIO E INDUSTRIA LTDA,,,,,,,,
CREME LEITE NESTLE T,,,,,un,,CARREFOUR COMERCIO E INDUSTRIA LTDA,,,,,,,,
CREME QUARK BATAVO N,,,,,un,,CARREFOUR COMERCIO E INDUSTRIA LTDA,,,,,,,,
CREME QUARK MORANGO,,,,,un,,CARREFOUR COMERCIO E INDUSTRIA LTDA,,,,,,,,
CREAM CHEESE PHILADE,,,,,un,,CARREFOUR COMERCIO E INDUSTRIA LTDA,,,,,,,,
REQUEIJAO ZERO LACTO,,,,,un,,CARREFOUR COMERCIO E INDUSTRIA LTDA,,,,,,,,
REQUEIJAO POCOS DE C,,,,,un,,CARREFOUR COMERCIO E INDUSTRIA LTDA,,,,,,,,
REQUEIJAO CREMOSO G.MESTRI180G,,,,,un,,COMPANHIA ZAFFARI COMERCIO E INDUSTRIA,,,,,,,,
CREME CHANTILLY FLE,,,,,un,,CARREFOUR COMERCIO E INDUSTRIA LTDA,,,,,,,,
BEB L PIA LAC COCO Z.G GF900G,,,,,un,,COMPANHIA ZAFFARI COMERCIO E INDUSTRIA,,,,,,,,
BEB LACT FERM BATAVO,,,,,un,,CARREFOUR COMERCIO E INDUSTRIA LTDA,,,,,,,,
BEB LACTEA GARRAFA,,,,,un,,CARREFOUR COMERCIO E INDUSTRIA LTDA,,,,,,,,
BEB LACTEA LANGUIRU,,,,,un,,CARREFOUR COMERCIO E INDUSTRIA LTDA,,,,,,,,
BEB LACTEA SANTA CLA,,,,,un,,CARREFOUR COMERCIO E INDUSTRIA LTDA,,,,,,,,
BEB LACTEA MGO/COCO BATAVO540G,,,,,un,,COMPANHIA ZAFFARI COMERCIO E INDUSTRIA,,,,,,,,
"BB LACTA FAVORITOS 250,6G",,,,,un,,COMPANHIA ZAFFARI COMERCIO E INDUSTRIA,,,,,,,,
QJ COL PREMIA KG,,,,,kg,,Distribuidora de Queijos Sgorla,,,,,,,,
QJ PAR PREMITO KG,,,,,kg,,Distribuidora de Queijos Sgorla,,,,,,,,
QUEIJO POLENGHINHO T,,,,,un,,CARREFOUR COMERCIO E INDUSTRIA LTDA,,,,,,,,
QUEIJO COLONIAL P,,,,,kg,,Sacolao DP Sao Jose LTDA,,,,,,,,
QUEIJO,,,,,kg,,Sgorla Com. Ind. Alimentos Ltda.,,,,,,,,
QJO MUSSARELA LIGHT,,,,,un,,CARREFOUR COMERCIO E INDUSTRIA LTDA,,,,,,,,
QUEIJO MUSSARELA IMP,,,,,kg,,CARREFOUR COMERCIO E INDUSTRIA LTDA,,,,,,,,
QUEIJO MUSSARELA PRESIDENT AT,,,,,kg,,COMPANHIA ZAFFARI COMERCIO E INDUSTRIA,,,,,,,,
QUEIJO MUSSARELA,,,,,kg,,CARREFOUR COMERCIO E INDUSTRIA LTDA,,,,,,,,
QUEIJO TIPO BRIE QUA,,,,,kg,,CARREFOUR COMERCIO E INDUSTRIA LTDA,,,,,,,,
QJO COLONIAL MEIA LU,,,,,kg,,CARREFOUR COMERCIO E INDUSTRIA LTDA,,,,,,,,
QUEIJO GORGONZOLA KG,,,,,kg,,CARREFOUR COMERCIO E INDUSTRIA LTDA,,,,,,,,
FIAMB QJO MUSS PETRY FAT KG,,,,,kg,,CARREFOUR COMERCIO E INDUSTRIA LTDA,,,,,,,,
QUEIJO PARMESAO RALA,,,,,un,,CARREFOUR COMERCIO E INDUSTRIA LTDA,,,,,,,,
QUEIJO PARMESAO S,,,,,kg,,TIMY INDUSTRIA E COMERCIO DE ALIMENTOS EIRELI,,,,,,,,
QUEIJO LANCHE F2,,,,,kg,,TIMY INDUSTRIA E COMERCIO DE ALIMENTOS EIRELI,,,,,,,,
QUEIJO COLONIAL F,,,,,kg,,TIMY INDUSTRIA E COMERCIO DE ALIMENTOS EIRELI,,,,,,,,
QUEIJO SCALA,,,,,kg,,TIMY INDUSTRIA E COMERCIO DE ALIMENTOS EIRELI,,,,,,,,
QUEI QUERENCIA LANC FAT kg,,,,,kg,,UNIDASUL DISTRIBUIDORA ALIMENTICIA S/A,,,,,,,,
QJ PARM RAL GROS 50G,,,,,un,,CARREFOUR COMERCIO E INDUSTRIA LTDA,,,,,,,,
QJO RALADO VIGOR 50G,,,,,un,,CARREFOUR COMERCIO E INDUSTRIA LTDA,,,,,,,,
QJO RAL PARM 150G,,,,,kg,,CARREFOUR COMERCIO E INDUSTRIA LTDA,,,,,,,,
QJO PARMESAO C.VACARIA RAL100G,,,,,un,,COMPANHIA ZAFFARI COMERCIO E INDUSTRIA,,,,,,,,
QJO PARMESAO C.VACARIA RAL 50G,,,,,un,,COMPANHIA ZAFFARI COMERCIO E INDUSTRIA,,,,,,,,
QJO PARM G.MESTRI Z.L RAL 40G,,,,,un,,COMPANHIA ZAFFARI COMERCIO E INDUSTRIA,,,,,,,,
QJO TIPO GRANA CV GRANFORMAGGIO,,,,,kg,,COMPANHIA ZAFFARI COMERCIO E INDUSTRIA,,,,,,,,
NATA SANTA CLARA PT,,,,,un,,CARREFOUR COMERCIO E INDUSTRIA LTDA,,,,,,,,
,,,,,,,,,,,,,,,
PRONTOS,,,,,,,,,,,,,,,
,,,,,,,,,,,,,,,
CIGARRETE/ EMPADA/ ESFIRA kg,,,,,kg,,COOPERATIVA MISTA SAO LUIZ LTDA,,,,,,,,
ROCAMBOLE DE MORANGO kg ,,,,,kg,,COOPERATIVA MISTA SAO LUIZ LTDA,,,,,,,,
BOLO SEVEN BOYS 250G MARMORE,,,,,kg,,CARREFOUR COMERCIO E INDUSTRIA LTDA,,,,,,,,
BOLO FORMIG SEVEN BO,,,,,un,,CARREFOUR COMERCIO E INDUSTRIA LTDA,,,,,,,,
BOLO MORANGO TOP KG,,,,,kg,,CARREFOUR COMERCIO E INDUSTRIA LTDA,,,,,,,,
BOLO CANELA RB,,,,,kg,,COMPANHIA ZAFFARI COMERCIO E INDUSTRIA,,,,,,,,
TORTA VENEZA,,,,,un,,BENEVENTO CHOCOLATE E CAFE COMERCIO DE ALIMENTOS LTDA,,,,,,,,
TORTA FRIA,,,,,kg,,COMERCIO DE ALIMENTOS ROHENKOHL LTDA,,,,,,,,
TORTA MORANGO KG,,,,,kg,,CARREFOUR COMERCIO E INDUSTRIA LTDA,,,,,,,,
GROSTOLI,,,,,kg,,Sacolao DP Sao Jose LTDA,,,,,,,,
GROSTOLI DELICIAS,,,,,un,,TIMY INDUSTRIA E COMERCIO DE ALIMENTOS EIRELI,,,,,,,,
Lasanha de 4 queijos com massa de espinafre,,,,,kg,,CASA DE MASSAS VO NICE LTDA ME,,,,,,,,
CUCA NAPOLITANA,,,,,kg,,COMERCIO DE ALIMENTOS ROHENKOHL LTDA,,,,,,,,
CUCA CHOCOLATE 45,,,,,un,,Sacolao DP Sao Jose LTDA,,,,,,,,
CUCA NOZES 450GR,,,,,un,,Sacolao DP Sao Jose LTDA,,,,,,,,
CUCA GOSTINHO BOM,,,,,un,,TIMY INDUSTRIA E COMERCIO DE ALIMENTOS EIRELI,,,,,,,,
PAO DE QUEIJO,,,,,kg,,Sacolao DP Sao Jose LTDA,,,,,,,,
ENROLADINHO DE SALSICHA KG,,,,,kg,,COMERCIO DE ALIMENTOS ROHENKOHL LTDA,,,,,,,,
PAO DE QUEIJO,,,,,un,,VALDEMAR PIOVESAN EIRELI,,,,,,,,
Ravioli de frango,,,,,kg,,CASA DE MASSAS VO NICE LTDA ME,,,,,,,,
FRANGO A PASSARINHO,,,,,un,,CARREFOUR COMERCIO E INDUSTRIA LTDA,,,,,,,,
PIZZA TOSCANA 450G,,,,,kg,,CARREFOUR COMERCIO E INDUSTRIA LTDA,,,,,,,,
PIZZA MISTA 450G,,,,,kg,,CARREFOUR COMERCIO E INDUSTRIA LTDA,,,,,,,,
PIZZA CALABRESA 450G,,,,,kg,,CARREFOUR COMERCIO E INDUSTRIA LTDA,,,,,,,,
LA PINSA ROM ROSIN CALAB 500G,,,,,un,,COMPANHIA ZAFFARI COMERCIO E INDUSTRIA,,,,,,,,
HAMB DE PLANTA FAZEN,,,,,un,,CARREFOUR COMERCIO E INDUSTRIA LTDA,,,,,,,,
HAMB GOURMET SEARA,,,,,un,,CARREFOUR COMERCIO E INDUSTRIA LTDA,,,,,,,,
TRAD YAKISSOBA FRANGO PQ,,,,,un,,DWV COMERCIO DE ALIMENTACAO LTDA,,,,,,,,
TRAD MACARRAO XIAN - PROMO,,,,,un,,DWV COMERCIO DE ALIMENTACAO LTDA,,,,,,,,
PASTEL DE QUEIJO,,,,,un,,VALDEMAR PIOVESAN EIRELI,,,,,,,,
MINI RISOLES DE FRANGO,,,,,un,,VALDEMAR PIOVESAN EIRELI,,,,,,,,
SOPAO DE LEGUMES PRIMODORO500G,,,,,un,,COMPANHIA ZAFFARI COMERCIO E INDUSTRIA,,,,,,,,
EMBUTIDO SANTA CL,,,,,kg,,TIMY INDUSTRIA E COMERCIO DE ALIMENTOS EIRELI,,,,,,,,
,,,,,,,,,,,,,,,
,,,,,,,,,,,,,,,
,,,,,,,,,,,,,,,
CARVAO CENTRAL 4K,,,,,un,,Sacolao DP Sao Jose LTDA,,,,,,,,
CARVAO TEUTONIA 5 KG,,,,,un,,SUPERMERCADO FORLIN EIRELI,,,,,,,,
CARVAO TEUTONIA 4 KG,,,,,un,,SUPERMERCADO FORLIN EIRELI,,,,,,,,
CARVAO REDE CNS 4 KG ,,,,,un,,SUPER KOSCHECK,,,,,,,,
CARVAO ACACIA NEGRA FOGONERO3KG,,,,,un,,COMPANHIA ZAFFARI COMERCIO E INDUSTRIA,,,,,,,,
CARVAO MUCHA 4KG ACACIA NEGRA,,,,,un,,COMERCIO DE ALIMENTOS ROHENKOHL LTDA,,,,,,,,
ACENDEDOR FOGO LENHA SANDERO 16 GR,,,,,un,,SUPERMERCADO FORLIN EIRELI,,,,,,,,
GRAVETO ACACIA NEGR FOGONERO 2KG,,,,,un,,COMPANHIA ZAFFARI COMERCIO E INDUSTRIA,,,,,,,,
MARG CS CLAYBOM 500G,,,,,un,,WMS SUPERMERCADOS DO BRASIL LTDA,,,,,,,,
CALDO MAGGI 57G GALINHA,,,,,un,,COMERCIO DE ALIMENTOS ROHENKOHL LTDA,,,,,,,,
FERMENTO EM PO 100G ROYAL ,,,,,un,,COMERCIO DE ALIMENTOS ROHENKOHL LTDA,,,,,,,,
FARINHA TRIGO MARIA,,,,,un,,CARREFOUR COMERCIO E INDUSTRIA LTDA,,,,,,,,
FARINHA DE TRIGO 5KG ORQUIDEA PAES,,,,,un,,COMERCIO DE ALIMENTOS ROHENKOHL LTDA,,,,,,,,
EXTRATO DE TOMATE ELEFANTE 340G,,,,,un,,COMERCIO DE ALIMENTOS ROHENKOHL LTDA,,,,,,,,
EXTRATO DE TOMATE FUGINI 300G,,,,,un,,COMERCIO DE ALIMENTOS ROHENKOHL LTDA,,,,,,,,
Molho de tatu (pequeno),,,,,un,,CASA DE MASSAS VO NICE LTDA ME,,,,,,,,
Molho pesto (pequeno),,,,,un,,CASA DE MASSAS VO NICE LTDA ME,,,,,,,,
MOLHO SOJA SAKURA TR,,,,,un,,CARREFOUR COMERCIO E INDUSTRIA LTDA,,,,,,,,
Molho pesto (pequeno),,,,,un,,CASA DE MASSAS VO NICE LTDA ME,,,,,,,,
TOMATE ESP P/ MOLHO 500G,,,,,un,,COMPANHIA ZAFFARI COMERCIO E INDUSTRIA,,,,,,,,
KETCHUP HEINZ 397G,,,,,un,,CARREFOUR COMERCIO E INDUSTRIA LTDA,,,,,,,,
KETCHUP TRAD HELLMA,,,,,un,,CARREFOUR COMERCIO E INDUSTRIA LTDA,,,,,,,,
HELLMANN S 500GR,,,,,un,,SUPERMERCADO BELTRAME LTDA,,,,,,,,
MAIONESE HELLMANNS 5,,,,,un,,CARREFOUR COMERCIO E INDUSTRIA LTDA,,,,,,,,
MAIONESE HELLMANNS V,,,,,un,,CARREFOUR COMERCIO E INDUSTRIA LTDA,,,,,,,,
ACUC CRIST PATEKO 5KG,,,,,un,,WMS SUPERMERCADOS DO BRASIL LTDA,,,,,,,,
ACUCAR CRISTAL 2KG SANTA ISABEL,,,,,un,,COMERCIO DE ALIMENTOS ROHENKOHL LTDA,,,,,,,,
ACUCAR CRISTAL 5KG SANTA ISABEL,,,,,un,,COMERCIO DE ALIMENTOS ROHENKOHL LTDA,,,,,,,,
ACUCAR REF BARRA 1KG,,,,,un,,CARREFOUR COMERCIO E INDUSTRIA LTDA,,,,,,,,
SAL CHURRASCO VALORE KG,,,,,un,,SUPERMERCADO FORLIN EIRELI,,,,,,,,
SAL GROSSO PIRATA ES,,,,,un,,CARREFOUR COMERCIO E INDUSTRIA LTDA,,,,,,,,
SAL GROSSO CHURRASCO,,,,,un,,CARREFOUR COMERCIO E INDUSTRIA LTDA,,,,,,,,
SAL SALAZIR 1KG FINO REFINADO,,,,,un,,COMERCIO DE ALIMENTOS ROHENKOHL LTDA,,,,,,,,
VINAGRE FR/FRIDA,,,,,un,,SUPERMERCADO BELTRAME LTDA,,,,,,,,
VINAGRE MACA TOSCANO,,,,,un,,CARREFOUR COMERCIO E INDUSTRIA LTDA,,,,,,,,
AZEITE PTG EXT VIRG,,,,,un,,CARREFOUR COMERCIO E INDUSTRIA LTDA,,,,,,,,
AZEI O LIV E C 500ML,,,,,un,,CARREFOUR COMERCIO E INDUSTRIA LTDA,,,,,,,,
AZEITO CARREFOUR VDE,,,,,un,,CARREFOUR COMERCIO E INDUSTRIA LTDA,,,,,,,,
AZ ITA MERCATTO EV 500ML,,,,,un,,COMPANHIA ZAFFARI COMERCIO E INDUSTRIA,,,,,,,,
ERVA MATE TRAD COXIL,,,,,un,,CARREFOUR COMERCIO E INDUSTRIA LTDA,,,,,,,,
OLEO SOJA COAMO 9,,,,,un,,Supermercado JGZ LTDA,,,,,,,,
OLEO DE SOJA LEVE 900ML,,,,,un,,WMS SUPERMERCADOS DO BRASIL LTDA,,,,,,,,
OLEO GIRASSOL SALADA 900ML,,,,,un,,COMPANHIA ZAFFARI COMERCIO E INDUSTRIA,,,,,,,,
,,,,,,,,,,,,,,,
,,,,,,,,,,,,,,,
,,,,,,,,,,,,,,,
,,,,,,,,,,,,,,,
,,,,,,,,,,,,,,,
PRODUTO ST,,,,,un,,JPF PADARIA E CONFEITARIA LTDA,,,,,,,,
FILTRO LINHA BIV6T5006 FORCELINE,,,,,un,,COMPANHIA ZAFFARI COMERCIO E INDUSTRIA,,,,,,,,
JG TRADICIONAL DEVAG,,,,,un,,CARREFOUR COMERCIO E INDUSTRIA LTDA,,,,,,,,